day,topic_key,topic,scope,source_topic_ids,overview_anchor,technical_anchor,problem_anchor,lab_anchor,expected_artifact,further_study_section,publisher_url,publisher_section_verified
1,topic-01,Local workspace and evidence repository,Local workspace and evidence repository,"2,10",topic-01-overview,topic-01-technical,topic-01-problem,topic-01-lab,"A versioned README with available study hours, environment, baseline skills, budget and cleanup owner.",sources.html#topic-002,https://www.gnu.org/software/bash/manual/,no
1,topic-02,Study sessions and learning baseline,Study sessions and learning baseline,"2,10",topic-02-overview,topic-02-technical,topic-02-problem,topic-02-lab,"A versioned README with available study hours, environment, baseline skills, budget and cleanup owner.",sources.html#topic-002,https://www.gnu.org/software/bash/manual/,no
1,topic-03,"Synthetic data, budget and cleanup ownership","Synthetic data, budget and cleanup ownership","2,10",topic-03-overview,topic-03-technical,topic-03-problem,topic-03-lab,"A versioned README with available study hours, environment, baseline skills, budget and cleanup owner.",sources.html#topic-010,https://docs.cloud.google.com/billing/docs/how-to/budgets,no
2,topic-01,OSI and TCP/IP layer models,OSI and TCP/IP layer models,1,topic-01-overview,topic-01-technical,topic-01-problem,topic-01-lab,Four correct ranges with network/broadcast addresses and a labeled next-hop path.,sources.html#topic-001,https://www.rfc-editor.org/rfc/rfc9293,no
2,topic-02,"IPv4 addressing, private ranges, ARP/NDP and CIDR subnetting","IPv4 addressing, private ranges, ARP/NDP and CIDR subnetting",1,topic-02-overview,topic-02-technical,topic-02-problem,topic-02-lab,Four correct ranges with network/broadcast addresses and a labeled next-hop path.,sources.html#topic-001,https://www.rfc-editor.org/rfc/rfc1918,no
2,topic-03,Packet path from NIC to application socket,Packet path from NIC to application socket,1,topic-03-overview,topic-03-technical,topic-03-problem,topic-03-lab,Four correct ranges with network/broadcast addresses and a labeled next-hop path.,sources.html#topic-001,https://www.rfc-editor.org/rfc/rfc9293,no
2,topic-04,"Process communication protocols: IPC, Unix domain sockets, and network RPCs","Process communication protocols: IPC, Unix domain sockets, and network RPCs",1,topic-04-overview,topic-04-technical,topic-04-problem,topic-04-lab,Four correct ranges with network/broadcast addresses and a labeled next-hop path.,sources.html#topic-001,https://man7.org/linux/man-pages/man7/unix.7.html,no
3,topic-01,IPv6 addressing and scope,IPv6 addressing and scope,1,topic-01-overview,topic-01-technical,topic-01-problem,topic-01-lab,"A DNS/transport diagram distinguishing name resolution, reachability and established connection.",sources.html#topic-001,https://datatracker.ietf.org/doc/html/rfc4291#section-2,no
3,topic-02,"DNS records, TTL and resolver roles","DNS records, TTL and resolver roles",1,topic-02-overview,topic-02-technical,topic-02-problem,topic-02-lab,"A DNS/transport diagram distinguishing name resolution, reachability and established connection.",sources.html#topic-001,https://www.rfc-editor.org/rfc/rfc9293,no
3,topic-03,"TCP and UDP, ports, connection states and buffers","TCP and UDP, ports, connection states and buffers",1,topic-03-overview,topic-03-technical,topic-03-problem,topic-03-lab,"A DNS/transport diagram distinguishing name resolution, reachability and established connection.",sources.html#topic-001,https://www.rfc-editor.org/rfc/rfc9293,no
4,topic-01,"HTTP/HTTPS, status codes, HTTP/1.1 vs HTTP/2 vs HTTP/3","HTTP/HTTPS, status codes, HTTP/1.1 vs HTTP/2 vs HTTP/3",1,topic-01-overview,topic-01-technical,topic-01-problem,topic-01-lab,"A failure worksheet that separates TLS trust, packet size, routing and HTTP errors.",sources.html#topic-001,https://www.rfc-editor.org/rfc/rfc9110.html#section-15,yes
4,topic-02,TLS 1.3 handshake and certificate validation chains,TLS 1.3 handshake and certificate validation chains,1,topic-02-overview,topic-02-technical,topic-02-problem,topic-02-lab,"A failure worksheet that separates TLS trust, packet size, routing and HTTP errors.",sources.html#topic-001,https://www.rfc-editor.org/rfc/rfc8446.html#section-4,yes
4,topic-03,MTU and MSS clamping,MTU and MSS clamping,1,topic-03-overview,topic-03-technical,topic-03-problem,topic-03-lab,"A failure worksheet that separates TLS trust, packet size, routing and HTTP errors.",sources.html#topic-001,https://www.rfc-editor.org/rfc/rfc1191.html#section-2,yes
4,topic-04,NAT (SNAT/DNAT) for private outbound,NAT (SNAT/DNAT) for private outbound,1,topic-04-overview,topic-04-technical,topic-04-problem,topic-04-lab,"A failure worksheet that separates TLS trust, packet size, routing and HTTP errors.",sources.html#topic-001,https://www.rfc-editor.org/rfc/rfc3022.html#section-2,yes
4,topic-05,Routing basics,"Routing basics: static vs dynamic routing, BGP at conceptual level",1,topic-05-overview,topic-05-technical,topic-05-problem,topic-05-lab,"A failure worksheet that separates TLS trust, packet size, routing and HTTP errors.",sources.html#topic-001,https://www.rfc-editor.org/rfc/rfc4271.html#section-3,yes
5,topic-01,VPN concepts,"VPN concepts: IPsec, IKEv2 tunnels, site-to-site vs client VPN",1,topic-01-overview,topic-01-technical,topic-01-problem,topic-01-lab,A packet decision table with both allowed and denied paths and a failure boundary.,sources.html#topic-001,https://docs.cloud.google.com/network-connectivity/docs/vpn/concepts/overview#ha-vpn,yes
5,topic-02,Load balancing concepts,"Load balancing concepts: L4 vs L7, health checks, session affinity",1,topic-02-overview,topic-02-technical,topic-02-problem,topic-02-lab,A packet decision table with both allowed and denied paths and a failure boundary.,sources.html#topic-001,https://docs.cloud.google.com/load-balancing/docs/load-balancing-overview#load-balancer-types,yes
5,topic-03,Firewalls,"Firewalls: stateful vs stateless, allow/deny rule ordering, failure boundaries",1,topic-03-overview,topic-03-technical,topic-03-problem,topic-03-lab,A packet decision table with both allowed and denied paths and a failure boundary.,sources.html#topic-001,https://docs.cloud.google.com/firewall/docs/firewalls#firewall_rule_components,yes
6,topic-01,"Linux kernel vs user space, file system navigation, permissions (chmod, chown), users and…","Linux kernel vs user space, file system navigation, permissions (chmod, chown), users and groups",2,topic-01-overview,topic-01-technical,topic-01-problem,topic-01-lab,"Commands, exit codes and log timestamps explaining the service lifecycle.",sources.html#topic-002,https://man7.org/linux/man-pages/man2/chmod.2.html#DESCRIPTION,yes
6,topic-02,"Processes, file descriptors (stdin/stdout/stderr), pipes, redirection, boot-to-service…","Processes, file descriptors (stdin/stdout/stderr), pipes, redirection, boot-to-service sequence and services (systemd unit lifecycle), signals (SIGTERM, SIGKILL), exit statuses, logs (journalctl, /var/log)",2,topic-02-overview,topic-02-technical,topic-02-problem,topic-02-lab,"Commands, exit codes and log timestamps explaining the service lifecycle.",sources.html#topic-002,https://man7.org/linux/man-pages/man5/systemd.service.5.html#DESCRIPTION,yes
7,topic-01,SSH,"SSH: keys, config files, port forwarding, bastion (jump) hosts",2,topic-01-overview,topic-01-technical,topic-01-problem,topic-01-lab,"A script with successful and failed runs, quoting explained, and no stored credentials.",sources.html#topic-002,https://man7.org/linux/man-pages/man5/ssh_config.5.html#DESCRIPTION,yes
7,topic-02,"Package managers (apt, yum/dnf)","Package managers (apt, yum/dnf)",2,topic-02-overview,topic-02-technical,topic-02-problem,topic-02-lab,"A script with successful and failed runs, quoting explained, and no stored credentials.",sources.html#topic-002,https://man7.org/linux/man-pages/man8/rpm.8.html#DESCRIPTION,yes
7,topic-03,Shell scripting,"Shell scripting: variables, loops, conditionals, exit codes",2,topic-03-overview,topic-03-technical,topic-03-problem,topic-03-lab,"A script with successful and failed runs, quoting explained, and no stored credentials.",sources.html#topic-002,https://man7.org/linux/man-pages/man1/bash.1.html#DESCRIPTION,yes
7,topic-04,/proc virtual filesystem and process trees,/proc virtual filesystem and process trees,2,topic-04-overview,topic-04-technical,topic-04-problem,topic-04-lab,"A script with successful and failed runs, quoting explained, and no stored credentials.",sources.html#topic-002,https://man7.org/linux/man-pages/man5/proc.5.html#DESCRIPTION,yes
8,topic-01,"CPU scheduling and waiting, context switching, virtual memory, page faults, RAM/page…","CPU scheduling and waiting, context switching, virtual memory, page faults, RAM/page cache/swap, OOM and PSI",2,topic-01-overview,topic-01-technical,topic-01-problem,topic-01-lab,A resource baseline and predicted CPU-throttling versus memory-pressure symptoms.,sources.html#topic-002,https://man7.org/linux/man-pages/man7/sched.7.html#DESCRIPTION,yes
8,topic-02,Grep/sed/awk/jq and curl/dig/ss/tcpdump as diagnostic tools,grep/sed/awk/jq and curl/dig/ss/tcpdump as diagnostic tools. Learn to interpret one signal at a time,2,topic-02-overview,topic-02-technical,topic-02-problem,topic-02-lab,A resource baseline and predicted CPU-throttling versus memory-pressure symptoms.,sources.html#topic-002,https://man7.org/linux/man-pages/man1/grep.1.html#DESCRIPTION,yes
9,topic-01,Hypervisors and virtual machines,Hypervisors and virtual machines,3,topic-01-overview,topic-01-technical,topic-01-problem,topic-01-lab,An isolation worksheet distinguishing resource enforcement from security isolation.,sources.html#topic-003,https://docs.kernel.org/virt/kvm/api.html#general-description,yes
9,topic-02,Container isolation,"Container isolation: namespaces, cgroups, seccomp and capabilities",3,topic-02-overview,topic-02-technical,topic-02-problem,topic-02-lab,An isolation worksheet distinguishing resource enforcement from security isolation.,sources.html#topic-003,https://man7.org/linux/man-pages/man7/namespaces.7.html#DESCRIPTION,yes
10,topic-01,Docker,"Docker: images, layers, Dockerfile, registries, mounts, inodes, volumes, POSIX filesystem sync/fsync semantics",3,topic-01-overview,topic-01-technical,topic-01-problem,topic-01-lab,"A runnable image, persistence check and Pod/Deployment/Service ownership diagram.",sources.html#topic-003,https://man7.org/linux/man-pages/man2/fsync.2.html#DESCRIPTION,yes
10,topic-02,Container orchestration,Container orchestration: why Kubernetes exists,3,topic-02-overview,topic-02-technical,topic-02-problem,topic-02-lab,"A runnable image, persistence check and Pod/Deployment/Service ownership diagram.",sources.html#topic-003,https://kubernetes.io/docs/concepts/overview/#why-you-need-kubernetes-and-what-can-it-do,yes
10,topic-03,Kubernetes core objects,"Kubernetes core objects: Pod, Deployment, Service, Ingress, ConfigMap, Secret",3,topic-03-overview,topic-03-technical,topic-03-problem,topic-03-lab,"A runnable image, persistence check and Pod/Deployment/Service ownership diagram.",sources.html#topic-003,https://kubernetes.io/docs/concepts/overview/working-with-objects/#kubernetes-objects,yes
11,topic-01,"IaaS, PaaS, FaaS, SaaS, and where GCP services fall","IaaS, PaaS, FaaS, SaaS, and where GCP services fall",4,topic-01-overview,topic-01-technical,topic-01-problem,topic-01-lab,A responsibility matrix with an owner for each task.,sources.html#topic-004,https://cloud.google.com/learn/paas-vs-iaas-vs-saas#what-are-iaas-paas-saas-and-caas,yes
11,topic-02,Shared responsibility model (what Google secures vs what you secure),Shared responsibility model (what Google secures vs what you secure),4,topic-02-overview,topic-02-technical,topic-02-problem,topic-02-lab,A responsibility matrix with an owner for each task.,sources.html#topic-004,https://docs.cloud.google.com/architecture/framework/security/shared-responsibility-shared-fate#shared_responsibility,yes
12,topic-01,"Regions, zones, multi-region and edge locations","Regions, zones, multi-region and edge locations",4,topic-01-overview,topic-01-technical,topic-01-problem,topic-01-lab,"A location decision with latency, residency, cost and failure-domain assumptions.",sources.html#topic-004,https://docs.cloud.google.com/compute/docs/regions-zones#choose,yes
12,topic-02,"Elasticity vs scalability, vertical vs horizontal scaling","Elasticity vs scalability, vertical vs horizontal scaling",4,topic-02-overview,topic-02-technical,topic-02-problem,topic-02-lab,"A location decision with latency, residency, cost and failure-domain assumptions.",sources.html#topic-004,https://docs.cloud.google.com/compute/docs/autoscaler#autoscaling_policy,yes
12,topic-03,"CapEx vs OpEx, pay-as-you-go economics","CapEx vs OpEx, pay-as-you-go economics",4,topic-03-overview,topic-03-technical,topic-03-problem,topic-03-lab,"A location decision with latency, residency, cost and failure-domain assumptions.",sources.html#topic-004,https://docs.cloud.google.com/billing/docs/how-to/estimate-costs#access-pricing-calculator,yes
13,topic-01,High availability vs fault tolerance vs disaster recovery (three different things),High availability vs fault tolerance vs disaster recovery (three different things),4,topic-01-overview,topic-01-technical,topic-01-problem,topic-01-lab,"A state ownership diagram and definitions of HA, fault tolerance, RTO and RPO with examples.",sources.html#topic-004,https://docs.cloud.google.com/architecture/disaster-recovery#how_rto_limits_product_choices,yes
13,topic-02,Stateless vs stateful applications (this decides almost every HA design),Stateless vs stateful applications (this decides almost every HA design),4,topic-02-overview,topic-02-technical,topic-02-problem,topic-02-lab,"A state ownership diagram and definitions of HA, fault tolerance, RTO and RPO with examples.",sources.html#topic-004,https://docs.cloud.google.com/compute/docs/instance-groups#support_for_stateful_workloads,yes
14,topic-01,"Git fundamentals (branch, merge, PR)","Git fundamentals (branch, merge, PR)",5,topic-01-overview,topic-01-technical,topic-01-problem,topic-01-lab,A repository history and annotated HTTP/JSON success and failure examples.,sources.html#topic-005,https://git-scm.com/book/en/v2/Git-Branching-Basic-Branching-and-Merging#_basic_branching_and_merging,yes
14,topic-02,REST APIs and JSON,REST APIs and JSON,5,topic-02-overview,topic-02-technical,topic-02-problem,topic-02-lab,A repository history and annotated HTTP/JSON success and failure examples.,sources.html#topic-005,https://www.rfc-editor.org/rfc/rfc9110#section-9.3,yes
15,topic-01,Basic Python or Bash from an annotated example,Basic Python or Bash from an annotated example,5,topic-01-overview,topic-01-technical,topic-01-problem,topic-01-lab,"A reproducible local request, validation failure and a diagram comparing monolith and service boundaries.",sources.html#topic-005,https://missing.csail.mit.edu/2020/shell-tools/#shell-scripting,yes
15,topic-02,"Request validation, REST/JSON, request IDs and structured logs","request validation, REST/JSON, request IDs and structured logs. Compare monolith, microservices and serverless styles and apply relevant 12-factor principles. SQL starts on Day 16 rather than being bundled into this programming session.",5,topic-02-overview,topic-02-technical,topic-02-problem,topic-02-lab,"A reproducible local request, validation failure and a diagram comparing monolith and service boundaries.",sources.html#topic-005,https://12factor.net/logs#treat_logs_as_event_streams,yes
16,topic-01,"Relational tables, primary/foreign keys, normalization, SELECT/JOIN/GROUP BY and…","Relational tables, primary/foreign keys, normalization, SELECT/JOIN/GROUP BY and transaction commit/rollback. Introduce ACID and an isolation anomaly through a worked example","6,20",topic-01-overview,topic-01-technical,topic-01-problem,topic-01-lab,"Schema, query results, rollback evidence and a one-paragraph value statement; explain normalization and an isolation anomaly from a worked example.",sources.html#topic-006,https://www.postgresql.org/docs/current/tutorial-join.html#TUTORIAL-JOIN,yes
16,topic-02,Locking/deadlocks are practised on Day 61,locking/deadlocks are practised on Day 61. Use Cloud Digital Leader material for business framing,"6,20",topic-02-overview,topic-02-technical,topic-02-problem,topic-02-lab,"Schema, query results, rollback evidence and a one-paragraph value statement; explain normalization and an isolation anomaly from a worked example.",sources.html#topic-006,https://www.postgresql.org/docs/current/transaction-iso.html#TRANSACTION-ISO,yes
17,topic-01,Prerequisite review and remediation,Prerequisite review and remediation,69,topic-01-overview,topic-01-technical,topic-01-problem,topic-01-lab,"A scored G1 checklist, corrected evidence and an explicit pass or repeat decision.",sources.html#topic-069,https://services.google.com/fh/files/misc/professional_cloud_architect_exam_guide_english.pdf,no
17,topic-02,Use the matching gate criteria in the Gates section,use the matching gate criteria in the Gates section. Do not introduce new services or concepts on a checkpoint day.,69,topic-02-overview,topic-02-technical,topic-02-problem,topic-02-lab,"A scored G1 checklist, corrected evidence and an explicit pass or repeat decision.",sources.html#topic-069,https://services.google.com/fh/files/misc/professional_cloud_architect_exam_guide_english.pdf,no
18,topic-01,Google Cloud accounts and the Free Trial,Google Cloud accounts and the Free Trial,7,topic-01-overview,topic-01-technical,topic-01-problem,topic-01-lab,A redacted project/billing preflight and cleanup plan; explain why an alert is not a hard spend cap.,sources.html#topic-007,https://cloud.google.com/free/docs/free-cloud-features#free-trial,yes
18,topic-02,Google Cloud Free Tier and monthly limits,Google Cloud Free Tier and monthly limits,7,topic-02-overview,topic-02-technical,topic-02-problem,topic-02-lab,A redacted project/billing preflight and cleanup plan; explain why an alert is not a hard spend cap.,sources.html#topic-007,https://cloud.google.com/free/docs/free-cloud-features#free-tier-usage-limits,yes
18,topic-03,Google Cloud Console navigation and project selection,Google Cloud Console navigation and project selection,7,topic-03-overview,topic-03-technical,topic-03-problem,topic-03-lab,A redacted project/billing preflight and cleanup plan; explain why an alert is not a hard spend cap.,sources.html#topic-007,https://cloud.google.com/resource-manager/docs/view-update-projects#identifying_projects,yes
19,topic-01,"Cloud Shell (persistent 5 GB home directory, preinstalled tools)","Cloud Shell (persistent 5 GB home directory, preinstalled tools)",7,topic-01-overview,topic-01-technical,topic-01-problem,topic-01-lab,Commands that reliably identify the target environment and prevent an accidental project switch.,sources.html#topic-007,https://docs.cloud.google.com/shell/docs,no
19,topic-02,"Install and configure `gcloud` locally (`gcloud init`, `gcloud config`, named…","Install and configure `gcloud` locally (`gcloud init`, `gcloud config`, named configurations for multiple projects)",7,topic-02-overview,topic-02-technical,topic-02-problem,topic-02-lab,Commands that reliably identify the target environment and prevent an accidental project switch.,sources.html#topic-007,https://docs.cloud.google.com/sdk/docs,no
19,topic-03,Other CLIs,"Other CLIs: `gsutil`/`gcloud storage`, `bq`, `kubectl`",7,topic-03-overview,topic-03-technical,topic-03-problem,topic-03-lab,Commands that reliably identify the target environment and prevent an accidental project switch.,sources.html#topic-007,https://docs.cloud.google.com/sdk/docs,no
20,topic-01,"API enablement, client libraries, local versus cloud endpoints, Cloud Shell Editor/Cloud…","API enablement, client libraries, local versus cloud endpoints, Cloud Shell Editor/Cloud Code and asynchronous operation polling. Run one emulator","7,21",topic-01-overview,topic-01-technical,topic-01-problem,topic-01-lab,One reproducible emulator run and a four-service limitations matrix; no requirement to deploy all four.,sources.html#topic-007,https://docs.cloud.google.com/shell/docs,no
20,topic-02,"Learn the purpose and documented limitations of Pub/Sub, Firestore, Spanner and Bigtable…","learn the purpose and documented limitations of Pub/Sub, Firestore, Spanner and Bigtable emulators without installing all four.","7,21",topic-02-overview,topic-02-technical,topic-02-problem,topic-02-lab,One reproducible emulator run and a four-service limitations matrix; no requirement to deploy all four.,sources.html#topic-007,https://docs.cloud.google.com/firestore/native/docs/emulator,no
21,topic-01,Organization node (tied to Cloud Identity or Google Workspace domain),Organization node (tied to Cloud Identity or Google Workspace domain),8,topic-01-overview,topic-01-technical,topic-01-problem,topic-01-lab,"A landing-zone draft with stable IDs, environment boundaries and operating responsibilities.",sources.html#topic-008,https://docs.cloud.google.com/resource-manager/docs/organization-policy/overview,no
21,topic-02,"Folders (mapping to departments, environments or teams)","Folders (mapping to departments, environments or teams)",8,topic-02-overview,topic-02-technical,topic-02-problem,topic-02-lab,"A landing-zone draft with stable IDs, environment boundaries and operating responsibilities.",sources.html#topic-008,https://docs.cloud.google.com/resource-manager/docs/cloud-platform-resource-hierarchy,no
21,topic-03,Projects,Projects: project ID vs project name vs project number (ID is immutable and globally unique),8,topic-03-overview,topic-03-technical,topic-03-problem,topic-03-lab,"A landing-zone draft with stable IDs, environment boundaries and operating responsibilities.",sources.html#topic-008,https://docs.cloud.google.com/resource-manager/docs/cloud-platform-resource-hierarchy,no
22,topic-01,Resources and inheritance (policies flow downward and are additive for IAM),Resources and inheritance (policies flow downward and are additive for IAM),8,topic-01-overview,topic-01-technical,topic-01-problem,topic-01-lab,An inheritance calculation and a tagging convention with concrete examples.,sources.html#topic-008,https://docs.cloud.google.com/resource-manager/docs/cloud-platform-resource-hierarchy,no
22,topic-02,"Labels vs tags vs network tags (three different things, often confused)","Labels vs tags vs network tags (three different things, often confused)",8,topic-02-overview,topic-02-technical,topic-02-problem,topic-02-lab,An inheritance calculation and a tagging convention with concrete examples.,sources.html#topic-008,https://docs.cloud.google.com/resource-manager/docs/cloud-platform-resource-hierarchy,no
23,topic-01,Project lifecycle,"Project lifecycle: creation, shutdown, 30-day recovery window",8,topic-01-overview,topic-01-technical,topic-01-problem,topic-01-lab,An expected/observed or simulated policy test with rollback and a project lifecycle diagram.,sources.html#topic-008,https://docs.cloud.google.com/resource-manager/docs/cloud-platform-resource-hierarchy,no
23,topic-02,Designing a hierarchy for prod/staging/dev and for multi-team companies,Designing a hierarchy for prod/staging/dev and for multi-team companies,8,topic-02-overview,topic-02-technical,topic-02-problem,topic-02-lab,An expected/observed or simulated policy test with rollback and a project lifecycle diagram.,sources.html#topic-008,https://docs.cloud.google.com/resource-manager/docs/cloud-platform-resource-hierarchy,no
23,topic-03,"Organization Policy Service (constraints that restrict what can be done, regardless of IAM)","Organization Policy Service (constraints that restrict what can be done, regardless of IAM)",8,topic-03-overview,topic-03-technical,topic-03-problem,topic-03-lab,An expected/observed or simulated policy test with rollback and a project lifecycle diagram.,sources.html#topic-008,https://docs.cloud.google.com/resource-manager/docs/organization-policy/overview,no
24,topic-01,Cloud Identity vs Google Workspace vs consumer Google accounts,Cloud Identity vs Google Workspace vs consumer Google accounts,9,topic-01-overview,topic-01-technical,topic-01-problem,topic-01-lab,"An identity matrix distinguishing people, service accounts, groups and external identities.",sources.html#topic-009,https://docs.cloud.google.com/iam/docs/service-accounts,no
24,topic-02,Principals,"Principals: Google account, group, service account, domain, allAuthenticatedUsers, allUsers",9,topic-02-overview,topic-02-technical,topic-02-problem,topic-02-lab,"An identity matrix distinguishing people, service accounts, groups and external identities.",sources.html#topic-009,https://docs.cloud.google.com/iam/docs/overview,no
24,topic-03,Why groups (not individual users) should receive roles,Why groups (not individual users) should receive roles,9,topic-03-overview,topic-03-technical,topic-03-problem,topic-03-lab,"An identity matrix distinguishing people, service accounts, groups and external identities.",sources.html#topic-009,https://docs.cloud.google.com/iam/docs/overview,no
25,topic-01,Roles,"Roles: basic (Owner/Editor/Viewer, avoid in production), predefined, custom",9,topic-01-overview,topic-01-technical,topic-01-problem,topic-01-lab,"Redacted authorization evidence tied to principal, resource, role and condition.",sources.html#topic-009,https://docs.cloud.google.com/iam/docs/overview,no
25,topic-02,IAM policy structure,"IAM policy structure: bindings, members, roles, conditions",9,topic-02-overview,topic-02-technical,topic-02-problem,topic-02-lab,"Redacted authorization evidence tied to principal, resource, role and condition.",sources.html#topic-009,https://docs.cloud.google.com/iam/docs/overview,no
25,topic-03,Policy inheritance and the effective policy,Policy inheritance and the effective policy,9,topic-03-overview,topic-03-technical,topic-03-problem,topic-03-lab,"Redacted authorization evidence tied to principal, resource, role and condition.",sources.html#topic-009,https://docs.cloud.google.com/iam/docs/overview,no
26,topic-01,"Service accounts, least privilege, attached identity, impersonation and key avoidance","Service accounts, least privilege, attached identity, impersonation and key avoidance","9,80",topic-01-overview,topic-01-technical,topic-01-problem,topic-01-lab,An authentication flow separating authentication from authorization and access tokens from ID tokens; never save tokens.,sources.html#topic-009,https://docs.cloud.google.com/iam/docs/service-accounts,no
26,topic-02,"ADC resolution at introductory depth, metadata service, access versus ID tokens, audience…","ADC resolution at introductory depth, metadata service, access versus ID tokens, audience and expiry. Full federation design returns on Days 100 and 166.","9,80",topic-02-overview,topic-02-technical,topic-02-problem,topic-02-lab,An authentication flow separating authentication from authorization and access tokens from ID tokens; never save tokens.,sources.html#topic-009,https://docs.cloud.google.com/iam/docs/service-accounts,no
27,topic-01,Billing accounts vs projects (many projects can link to one billing account),Billing accounts vs projects (many projects can link to one billing account),10,topic-01-overview,topic-01-technical,topic-01-problem,topic-01-lab,A billing responsibility matrix and correctly calculated thresholds.,sources.html#topic-010,https://docs.cloud.google.com/billing/docs/how-to/export-data-bigquery,no
27,topic-02,Billing roles (Billing Account Administrator vs User vs Viewer),Billing roles (Billing Account Administrator vs User vs Viewer),10,topic-02-overview,topic-02-technical,topic-02-problem,topic-02-lab,A billing responsibility matrix and correctly calculated thresholds.,sources.html#topic-010,https://docs.cloud.google.com/billing/docs/how-to/export-data-bigquery,no
27,topic-03,"**Set budgets and alerts first** (thresholds at 50%, 90%, 100%)","**Set budgets and alerts first** (thresholds at 50%, 90%, 100%)",10,topic-03-overview,topic-03-technical,topic-03-problem,topic-03-lab,A billing responsibility matrix and correctly calculated thresholds.,sources.html#topic-010,https://docs.cloud.google.com/billing/docs/how-to/budgets,no
28,topic-01,Programmatic budget notifications via Pub/Sub,Programmatic budget notifications via Pub/Sub,10,topic-01-overview,topic-01-technical,topic-01-problem,topic-01-lab,An attribution worksheet and notification handling behavior for duplicate events.,sources.html#topic-010,https://docs.cloud.google.com/billing/docs/how-to/budgets,no
28,topic-02,Labels for cost attribution,Labels for cost attribution,10,topic-02-overview,topic-02-technical,topic-02-problem,topic-02-lab,An attribution worksheet and notification handling behavior for duplicate events.,sources.html#topic-010,https://docs.cloud.google.com/billing/docs/how-to/budgets,no
29,topic-01,Billing reports and cost table,Billing reports and cost table,10,topic-01-overview,topic-01-technical,topic-01-problem,topic-01-lab,A cost query or spreadsheet plus three different capacity-failure explanations.,sources.html#topic-010,https://docs.cloud.google.com/billing/docs/how-to/export-data-bigquery,no
29,topic-02,Billing export to BigQuery,Billing export to BigQuery,10,topic-02-overview,topic-02-technical,topic-02-problem,topic-02-lab,A cost query or spreadsheet plus three different capacity-failure explanations.,sources.html#topic-010,https://docs.cloud.google.com/billing/docs/how-to/export-data-bigquery,no
29,topic-03,Understanding quotas (rate quotas vs allocation quotas) and how to request increases,Understanding quotas (rate quotas vs allocation quotas) and how to request increases,10,topic-03-overview,topic-03-technical,topic-03-problem,topic-03-lab,A cost query or spreadsheet plus three different capacity-failure explanations.,sources.html#topic-010,https://docs.cloud.google.com/docs/quotas/overview,no
30,topic-01,Regions and zones,"Regions and zones: how to pick one (latency, cost, compliance, service availability, carbon footprint)",11,topic-01-overview,topic-01-technical,topic-01-problem,topic-01-lab,A location/scope matrix with service availability and residency checks.,sources.html#topic-011,https://cloud.google.com/about/locations,no
30,topic-02,Zonal vs regional vs multi-regional vs global resources,Zonal vs regional vs multi-regional vs global resources,11,topic-02-overview,topic-02-technical,topic-02-problem,topic-02-lab,A location/scope matrix with service availability and residency checks.,sources.html#topic-011,https://cloud.google.com/about/locations,no
31,topic-01,Google's private global network and edge points of presence,Google's private global network and edge points of presence,11,topic-01-overview,topic-01-technical,topic-01-problem,topic-01-lab,A network-tier ADR that identifies pricing and behavior needing current verification.,sources.html#topic-011,https://docs.cloud.google.com/network-tiers/docs/overview,no
31,topic-02,Network Service Tiers (Premium vs Standard),Network Service Tiers (Premium vs Standard),11,topic-02-overview,topic-02-technical,topic-02-problem,topic-02-lab,A network-tier ADR that identifies pricing and behavior needing current verification.,sources.html#topic-011,https://docs.cloud.google.com/network-tiers/docs/overview,no
31,topic-03,Service availability differs by region (always check),Service availability differs by region (always check),11,topic-03-overview,topic-03-technical,topic-03-problem,topic-03-lab,A network-tier ADR that identifies pricing and behavior needing current verification.,sources.html#topic-011,https://docs.cloud.google.com/network-tiers/docs/overview,no
32,topic-01,"Support plans and escalation, Cloud Asset Inventory, public status and Personalized…","Support plans and escalation, Cloud Asset Inventory, public status and Personalized Service Health. Introduce the topic tracker, six-domain exam map and Google Skills learning resources","12,65,69,71",topic-01-overview,topic-01-technical,topic-01-problem,topic-01-lab,"An asset list, topic-to-evidence tracker and incident contact/escalation sheet.",sources.html#topic-012,https://docs.cloud.google.com/asset-inventory/docs/overview,no
33,topic-01,"SLA versus SLO, launch stage, deprecation notices and service lifecycle","SLA versus SLO, launch stage, deprecation notices and service lifecycle",12,topic-01-overview,topic-01-technical,topic-01-problem,topic-01-lab,"A service lifecycle register with owner, review date and an exit option.",sources.html#topic-012,https://docs.cloud.google.com/service-health/docs/overview,no
33,topic-02,Review the hierarchy and budget artifacts already created,review the hierarchy and budget artifacts already created. Define an owner and exit/migration trigger for each chosen service.,12,topic-02-overview,topic-02-technical,topic-02-problem,topic-02-lab,"A service lifecycle register with owner, review date and an exit option.",sources.html#topic-012,https://docs.cloud.google.com/asset-inventory/docs/overview,no
34,topic-01,"Observe control-plane versus data-plane behavior, asynchronous operations, desired versus…","Observe control-plane versus data-plane behavior, asynchronous operations, desired versus observed state and permission propagation","12,13,80",topic-01-overview,topic-01-technical,topic-01-problem,topic-01-lab,"A creation/deletion trace, active-identity checks and empty-resource confirmation; a supplied trace is acceptable when access is unavailable.",sources.html#topic-012,https://docs.cloud.google.com/asset-inventory/docs/overview,no
34,topic-02,"Create, inventory and delete one small VM using gcloud","create, inventory and delete one small VM using gcloud. Retry only after classifying the error and checking the operation state.","12,13,80",topic-02-overview,topic-02-technical,topic-02-problem,topic-02-lab,"A creation/deletion trace, active-identity checks and empty-resource confirmation; a supplied trace is acceptable when access is unavailable.",sources.html#topic-012,https://docs.cloud.google.com/asset-inventory/docs/overview,no
35,topic-01,Prerequisite review and remediation,Prerequisite review and remediation,69,topic-01-overview,topic-01-technical,topic-01-problem,topic-01-lab,"A scored G2 checklist, budget/identity evidence and resolved critical access or cleanup gaps.",sources.html#topic-069,https://services.google.com/fh/files/misc/professional_cloud_architect_exam_guide_english.pdf,no
35,topic-02,Use the matching gate criteria in the Gates section,use the matching gate criteria in the Gates section. Do not introduce new services or concepts on a checkpoint day.,69,topic-02-overview,topic-02-technical,topic-02-problem,topic-02-lab,"A scored G2 checklist, budget/identity evidence and resolved critical access or cleanup gaps.",sources.html#topic-069,https://services.google.com/fh/files/misc/professional_cloud_architect_exam_guide_english.pdf,no
36,topic-01,"Compare currently available general-purpose, compute-optimized, memory-optimized, HPC and…","Compare currently available general-purpose, compute-optimized, memory-optimized, HPC and accelerator families using current documentation",13,topic-01-overview,topic-01-technical,topic-01-problem,topic-01-lab,"A sizing sheet with workload assumptions, customer-managed layers and one rejected option.",sources.html#topic-013,https://pages.cs.wisc.edu/~remzi/OSTEP/,no
36,topic-02,Custom machine types and extended memory,Custom machine types and extended memory,13,topic-02-overview,topic-02-technical,topic-02-problem,topic-02-lab,"A sizing sheet with workload assumptions, customer-managed layers and one rejected option.",sources.html#topic-013,https://pages.cs.wisc.edu/~remzi/OSTEP/,no
36,topic-03,Shared-core vs standard machine types,Shared-core vs standard machine types,13,topic-03-overview,topic-03-technical,topic-03-problem,topic-03-lab,"A sizing sheet with workload assumptions, customer-managed layers and one rejected option.",sources.html#topic-013,https://docs.cloud.google.com/compute/docs/instances,no
36,topic-04,"Boot disks, images (public, custom, image families), snapshots and machine images","Boot disks, images (public, custom, image families), snapshots and machine images",13,topic-04-overview,topic-04-technical,topic-04-problem,topic-04-lab,"A sizing sheet with workload assumptions, customer-managed layers and one rejected option.",sources.html#topic-013,https://docs.cloud.google.com/compute/docs/instances,no
37,topic-01,"Persistent Disk types (standard, balanced, SSD, extreme), Hyperdisk, Local SSD (ephemeral)","Persistent Disk types (standard, balanced, SSD, extreme), Hyperdisk, Local SSD (ephemeral)",13,topic-01-overview,topic-01-technical,topic-01-problem,topic-01-lab,Persistence evidence and a block-storage comparison that distinguishes ephemeral from durable data.,sources.html#topic-013,https://docs.cloud.google.com/compute/docs/instances,no
37,topic-02,Zonal vs regional persistent disks,Zonal vs regional persistent disks,13,topic-02-overview,topic-02-technical,topic-02-problem,topic-02-lab,Persistence evidence and a block-storage comparison that distinguishes ephemeral from durable data.,sources.html#topic-013,https://docs.cloud.google.com/compute/docs/instances,no
37,topic-03,Startup scripts and metadata server,Startup scripts and metadata server,13,topic-03-overview,topic-03-technical,topic-03-problem,topic-03-lab,Persistence evidence and a block-storage comparison that distinguishes ephemeral from durable data.,sources.html#topic-013,https://docs.cloud.google.com/compute/docs/instances,no
38,topic-01,Instance templates and Managed Instance Groups (MIGs),Instance templates and Managed Instance Groups (MIGs),13,topic-01-overview,topic-01-technical,topic-01-problem,topic-01-lab,A template and scaling timeline with stated cooldown and capacity assumptions.,sources.html#topic-013,https://docs.cloud.google.com/compute/docs/instance-groups,no
38,topic-02,Zonal vs regional MIGs,Zonal vs regional MIGs,13,topic-02-overview,topic-02-technical,topic-02-problem,topic-02-lab,A template and scaling timeline with stated cooldown and capacity assumptions.,sources.html#topic-013,https://docs.cloud.google.com/compute/docs/instances,no
38,topic-03,"Autoscaling policies (CPU, load balancing utilization, custom metrics, schedules)","Autoscaling policies (CPU, load balancing utilization, custom metrics, schedules)",13,topic-03-overview,topic-03-technical,topic-03-problem,topic-03-lab,A template and scaling timeline with stated cooldown and capacity assumptions.,sources.html#topic-013,https://docs.cloud.google.com/compute/docs/instances,no
39,topic-01,Autohealing with health checks,Autohealing with health checks,13,topic-01-overview,topic-01-technical,topic-01-problem,topic-01-lab,"A recovery timeline with readiness, max-surge and unavailability constraints.",sources.html#topic-013,https://docs.cloud.google.com/compute/docs/instances,no
39,topic-02,Rolling updates,"Rolling updates: max surge, max unavailable, canary rollouts",13,topic-02-overview,topic-02-technical,topic-02-problem,topic-02-lab,"A recovery timeline with readiness, max-surge and unavailability constraints.",sources.html#topic-013,https://docs.cloud.google.com/compute/docs/instances,no
39,topic-03,Stateful MIGs,Stateful MIGs,13,topic-03-overview,topic-03-technical,topic-03-problem,topic-03-lab,"A recovery timeline with readiness, max-surge and unavailability constraints.",sources.html#topic-013,https://docs.cloud.google.com/compute/docs/instances,no
39,topic-04,Unmanaged instance groups,Unmanaged instance groups,13,topic-04-overview,topic-04-technical,topic-04-problem,topic-04-lab,"A recovery timeline with readiness, max-surge and unavailability constraints.",sources.html#topic-013,https://docs.cloud.google.com/compute/docs/instance-groups,no
40,topic-01,"Preemptible/Spot workload fit, documented interruption behavior and checkpoint/restart…","Preemptible/Spot workload fit, documented interruption behavior and checkpoint/restart handling",13,topic-01-overview,topic-01-technical,topic-01-problem,topic-01-lab,A restartable worker trace and runtime/security decision sheet with documented interruption assumptions.,sources.html#topic-013,https://docs.cloud.google.com/compute/docs/instances,no
40,topic-02,Sole-tenant nodes and licensing (BYOL),Sole-tenant nodes and licensing (BYOL),13,topic-02-overview,topic-02-technical,topic-02-problem,topic-02-lab,A restartable worker trace and runtime/security decision sheet with documented interruption assumptions.,sources.html#topic-013,https://docs.cloud.google.com/compute/docs/instances,no
40,topic-03,Shielded VMs and Confidential VMs,Shielded VMs and Confidential VMs,13,topic-03-overview,topic-03-technical,topic-03-problem,topic-03-lab,A restartable worker trace and runtime/security decision sheet with documented interruption assumptions.,sources.html#topic-013,https://docs.cloud.google.com/compute/docs/instances,no
40,topic-04,OS Login and SSH key management,OS Login and SSH key management,13,topic-04-overview,topic-04-technical,topic-04-problem,topic-04-lab,A restartable worker trace and runtime/security decision sheet with documented interruption assumptions.,sources.html#topic-013,https://docs.cloud.google.com/compute/docs/instances,no
41,topic-01,"VM Manager (patching, inventory, OS config)","VM Manager (patching, inventory, OS config)",13,topic-01-overview,topic-01-technical,topic-01-problem,topic-01-lab,A VM runbook linking guest metrics to application symptoms and a maintenance decision.,sources.html#topic-013,https://docs.cloud.google.com/compute/docs/instances,no
41,topic-02,Live migration and maintenance policies (migrate vs terminate),Live migration and maintenance policies (migrate vs terminate),13,topic-02-overview,topic-02-technical,topic-02-problem,topic-02-lab,A VM runbook linking guest metrics to application symptoms and a maintenance decision.,sources.html#topic-013,https://docs.cloud.google.com/compute/docs/instances,no
41,topic-03,"Sustained use discounts, committed use discounts, rightsizing recommendations","Sustained use discounts, committed use discounts, rightsizing recommendations",13,topic-03-overview,topic-03-technical,topic-03-problem,topic-03-lab,A VM runbook linking guest metrics to application symptoms and a maintenance decision.,sources.html#topic-013,https://docs.cloud.google.com/compute/docs/instances,no
42,topic-01,Kubernetes architecture,"Kubernetes architecture: control plane, nodes, etcd, kubelet, kube-proxy",14,topic-01-overview,topic-01-technical,topic-01-problem,topic-01-lab,A reconciliation diagram and an Autopilot-versus-Standard ownership comparison.,sources.html#topic-014,https://kubernetes.io/docs/tasks/debug/debug-application/,no
42,topic-02,Autopilot vs Standard mode (when to choose each),Autopilot vs Standard mode (when to choose each),14,topic-02-overview,topic-02-technical,topic-02-problem,topic-02-lab,A reconciliation diagram and an Autopilot-versus-Standard ownership comparison.,sources.html#topic-014,https://docs.cloud.google.com/kubernetes-engine/docs/concepts/kubernetes-engine-overview,no
42,topic-03,Zonal vs regional clusters (regional for HA control plane),Zonal vs regional clusters (regional for HA control plane),14,topic-03-overview,topic-03-technical,topic-03-problem,topic-03-lab,A reconciliation diagram and an Autopilot-versus-Standard ownership comparison.,sources.html#topic-014,https://docs.cloud.google.com/kubernetes-engine/docs/concepts/kubernetes-engine-overview,no
43,topic-01,"Node pools, requests/limits, scheduling, taints/tolerations, HPA/VPA and node autoscaling","Node pools, requests/limits, scheduling, taints/tolerations, HPA/VPA and node autoscaling",14,topic-01-overview,topic-01-technical,topic-01-problem,topic-01-lab,"Events and a corrected manifest, plus an HPA/node-scaling diagram and authorization distinction.",sources.html#topic-014,https://docs.cloud.google.com/kubernetes-engine/docs/concepts/kubernetes-engine-overview,no
43,topic-02,Kubernetes RBAC versus IAM,"Kubernetes RBAC versus IAM. Recognize Deployment, StatefulSet, DaemonSet, Job and CronJob and compare Service/Ingress/Gateway roles",14,topic-02-overview,topic-02-technical,topic-02-problem,topic-02-lab,"Events and a corrected manifest, plus an HPA/node-scaling diagram and authorization distinction.",sources.html#topic-014,https://kubernetes.io/docs/tasks/debug/debug-application/,no
43,topic-03,Use one workload for practice rather than deploying every object,use one workload for practice rather than deploying every object.,14,topic-03-overview,topic-03-technical,topic-03-problem,topic-03-lab,"Events and a corrected manifest, plus an HPA/node-scaling diagram and authorization distinction.",sources.html#topic-014,https://docs.cloud.google.com/kubernetes-engine/docs/concepts/kubernetes-engine-overview,no
44,topic-01,Container-native load balancing (NEGs),Container-native load balancing (NEGs),14,topic-01-overview,topic-01-technical,topic-01-problem,topic-01-lab,A packet/storage diagram with managed-service boundaries and no claims about hidden implementation details.,sources.html#topic-014,https://docs.cloud.google.com/kubernetes-engine/docs/concepts/kubernetes-engine-overview,no
44,topic-02,"VPC-native clusters, alias IPs, private clusters, authorized networks","VPC-native clusters, alias IPs, private clusters, authorized networks",14,topic-02-overview,topic-02-technical,topic-02-problem,topic-02-lab,A packet/storage diagram with managed-service boundaries and no claims about hidden implementation details.,sources.html#topic-014,https://docs.cloud.google.com/kubernetes-engine/docs/concepts/kubernetes-engine-overview,no
44,topic-03,Storage,"Storage: PersistentVolumes, PersistentVolumeClaims, StorageClasses",14,topic-03-overview,topic-03-technical,topic-03-problem,topic-03-lab,A packet/storage diagram with managed-service boundaries and no claims about hidden implementation details.,sources.html#topic-014,https://docs.cloud.google.com/kubernetes-engine/docs/concepts/kubernetes-engine-overview,no
45,topic-01,Config and secrets,"Config and secrets: ConfigMaps, Secrets, Secret Manager integration",14,topic-01-overview,topic-01-technical,topic-01-problem,topic-01-lab,"A diagnostic decision tree, corrected probe/resource settings and a secret-access boundary.",sources.html#topic-014,https://docs.cloud.google.com/kubernetes-engine/docs/concepts/kubernetes-engine-overview,no
45,topic-02,Workload Identity Federation for GKE,Workload Identity Federation for GKE,14,topic-02-overview,topic-02-technical,topic-02-problem,topic-02-lab,"A diagnostic decision tree, corrected probe/resource settings and a secret-access boundary.",sources.html#topic-014,https://docs.cloud.google.com/kubernetes-engine/docs/concepts/kubernetes-engine-overview,no
45,topic-03,Network Policies and Dataplane V2,Network Policies and Dataplane V2,14,topic-03-overview,topic-03-technical,topic-03-problem,topic-03-lab,"A diagnostic decision tree, corrected probe/resource settings and a secret-access boundary.",sources.html#topic-014,https://docs.cloud.google.com/kubernetes-engine/docs/concepts/kubernetes-engine-overview,no
45,topic-04,"Release channels and upgrade strategies (surge upgrades, maintenance windows)","Release channels and upgrade strategies (surge upgrades, maintenance windows)",14,topic-04-overview,topic-04-technical,topic-04-problem,topic-04-lab,"A diagnostic decision tree, corrected probe/resource settings and a secret-access boundary.",sources.html#topic-014,https://docs.cloud.google.com/kubernetes-engine/docs/concepts/kubernetes-engine-overview,no
45,topic-05,Startup vs readiness vs liveness probes,Startup vs readiness vs liveness probes,14,topic-05-overview,topic-05-technical,topic-05-problem,topic-05-lab,"A diagnostic decision tree, corrected probe/resource settings and a secret-access boundary.",sources.html#topic-014,https://docs.cloud.google.com/kubernetes-engine/docs/concepts/kubernetes-engine-overview,no
45,topic-06,"Troubleshoot CrashLoopBackOff and OOMKilled using kubectl describe, logs, events and…","troubleshoot CrashLoopBackOff and OOMKilled using kubectl describe, logs, events and resource metrics.",14,topic-06-overview,topic-06-technical,topic-06-problem,topic-06-lab,"A diagnostic decision tree, corrected probe/resource settings and a secret-access boundary.",sources.html#topic-014,https://docs.cloud.google.com/kubernetes-engine/docs/concepts/kubernetes-engine-overview,no
46,topic-01,"Fleet/Enterprise concepts, Connect Gateway, Config Sync, Policy Controller and…","Fleet/Enterprise concepts, Connect Gateway, Config Sync, Policy Controller and multi-cluster service/ingress boundaries. Recognize image scanning and Binary Authorization before their labs on Days 114–115. Compare service-mesh identity/mTLS and traffic policy with direct service communication",14,topic-01-overview,topic-01-technical,topic-01-problem,topic-01-lab,A runtime ADR with fleet/mesh alternatives and links to the scheduling/isolation evidence from Days 43–45.,sources.html#topic-014,https://docs.cloud.google.com/kubernetes-engine/docs/concepts/kubernetes-engine-overview,no
46,topic-02,Evaluate cost and operational overhead,evaluate cost and operational overhead.,14,topic-02-overview,topic-02-technical,topic-02-problem,topic-02-lab,A runtime ADR with fleet/mesh alternatives and links to the scheduling/isolation evidence from Days 43–45.,sources.html#topic-014,https://docs.cloud.google.com/kubernetes-engine/docs/concepts/kubernetes-engine-overview,no
47,topic-01,**Cloud Run,"**Cloud Run:** services vs jobs, revisions, traffic splitting, concurrency, min/max instances, CPU allocation, VPC connectivity (Direct VPC egress, connectors), custom domains, authentication and invokers",15,topic-01-overview,topic-01-technical,topic-01-problem,topic-01-lab,A revision/request trace and scaling/identity settings; compare functions/jobs as alternatives.,sources.html#topic-015,https://docs.cloud.google.com/run/docs/overview/what-is-cloud-run,no
47,topic-02,**Cloud Run functions (Cloud Functions),"**Cloud Run functions (Cloud Functions):** event-driven triggers, gen1 vs gen2, cold starts, timeouts, event sources (Pub/Sub, Storage, Eventarc)",15,topic-02-overview,topic-02-technical,topic-02-problem,topic-02-lab,A revision/request trace and scaling/identity settings; compare functions/jobs as alternatives.,sources.html#topic-015,https://docs.cloud.google.com/run/docs/functions/overview,no
48,topic-01,**App Engine,"**App Engine:** Standard vs Flexible, services and versions, traffic splitting (know when not to use it for new builds)",15,topic-01-overview,topic-01-technical,topic-01-problem,topic-01-lab,A retry/failure diagram and runtime decision matrix grounded in the earlier VM/container/serverless evidence.,sources.html#topic-015,https://docs.cloud.google.com/run/docs/overview/what-is-cloud-run,no
48,topic-02,"Eventarc, Cloud Scheduler, Cloud Tasks, Workflows (serverless orchestration)","Eventarc, Cloud Scheduler, Cloud Tasks, Workflows (serverless orchestration)",15,topic-02-overview,topic-02-technical,topic-02-problem,topic-02-lab,A retry/failure diagram and runtime decision matrix grounded in the earlier VM/container/serverless evidence.,sources.html#topic-015,https://docs.cloud.google.com/run/docs/overview/what-is-cloud-run,no
48,topic-03,"Choosing between Compute Engine, GKE, Cloud Run, Functions and App Engine (see cheat sheets)","Choosing between Compute Engine, GKE, Cloud Run, Functions and App Engine (see cheat sheets)",15,topic-03-overview,topic-03-technical,topic-03-problem,topic-03-lab,A retry/failure diagram and runtime decision matrix grounded in the earlier VM/container/serverless evidence.,sources.html#topic-015,https://docs.cloud.google.com/run/docs/functions/overview,no
49,topic-01,VPC as a global resource,VPC as a global resource,16,topic-01-overview,topic-01-technical,topic-01-problem,topic-01-lab,An IP plan and forward/return packet path with route priorities.,sources.html#topic-016,https://docs.cloud.google.com/vpc/docs/overview,no
49,topic-02,Subnets as regional resources,subnets as regional resources,16,topic-02-overview,topic-02-technical,topic-02-problem,topic-02-lab,An IP plan and forward/return packet path with route priorities.,sources.html#topic-016,https://docs.cloud.google.com/vpc/docs/overview,no
49,topic-03,Auto mode vs custom mode VPCs and controlled enterprise IP planning,Auto mode vs custom mode VPCs and controlled enterprise IP planning,16,topic-03-overview,topic-03-technical,topic-03-problem,topic-03-lab,An IP plan and forward/return packet path with route priorities.,sources.html#topic-016,https://docs.cloud.google.com/vpc/docs/overview,no
49,topic-04,"Subnet IP ranges, secondary ranges (for GKE pods and services), expanding ranges","Subnet IP ranges, secondary ranges (for GKE pods and services), expanding ranges",16,topic-04-overview,topic-04-technical,topic-04-problem,topic-04-lab,An IP plan and forward/return packet path with route priorities.,sources.html#topic-016,https://docs.cloud.google.com/vpc/docs/overview,no
49,topic-05,Routes,"Routes: system-generated, custom static, dynamic (Cloud Router with BGP), route priority",16,topic-05-overview,topic-05-technical,topic-05-problem,topic-05-lab,An IP plan and forward/return packet path with route priorities.,sources.html#topic-016,https://docs.cloud.google.com/vpc/docs/overview,no
50,topic-01,Firewall rules,"Firewall rules: direction, priority, targets (tags and service accounts), implied rules, logging",16,topic-01-overview,topic-01-technical,topic-01-problem,topic-01-lab,A firewall decision trace and identity/network boundary diagram.,sources.html#topic-016,https://docs.cloud.google.com/firewall/docs/firewalls,no
50,topic-02,Hierarchical firewall policies and network firewall policies,Hierarchical firewall policies and network firewall policies,16,topic-02-overview,topic-02-technical,topic-02-problem,topic-02-lab,A firewall decision trace and identity/network boundary diagram.,sources.html#topic-016,https://docs.cloud.google.com/firewall/docs/firewalls,no
50,topic-03,External vs internal IP addresses,External vs internal IP addresses,16,topic-03-overview,topic-03-technical,topic-03-problem,topic-03-lab,A firewall decision trace and identity/network boundary diagram.,sources.html#topic-016,https://docs.cloud.google.com/vpc/docs/overview,no
50,topic-04,Ephemeral vs static,ephemeral vs static,16,topic-04-overview,topic-04-technical,topic-04-problem,topic-04-lab,A firewall decision trace and identity/network boundary diagram.,sources.html#topic-016,https://docs.cloud.google.com/vpc/docs/overview,no
50,topic-05,Reserved addresses,reserved addresses,16,topic-05-overview,topic-05-technical,topic-05-problem,topic-05-lab,A firewall decision trace and identity/network boundary diagram.,sources.html#topic-016,https://docs.cloud.google.com/vpc/docs/overview,no
50,topic-06,Private Google Access and Private Service Connect,Private Google Access and Private Service Connect,16,topic-06-overview,topic-06-technical,topic-06-problem,topic-06-lab,A firewall decision trace and identity/network boundary diagram.,sources.html#topic-016,https://docs.cloud.google.com/vpc/docs/overview,no
51,topic-01,"Private services access (PSA) vs Private Service Connect (PSC endpoints, PSC service…","Private services access (PSA) vs Private Service Connect (PSC endpoints, PSC service attachments, PSC interfaces; check endpoint/interface address requirements and overlapping-address constraints for the selected PSC pattern)",16,topic-01-overview,topic-01-technical,topic-01-problem,topic-01-lab,A PSC/PSA/peering comparison and a NAT exhaustion hypothesis with measurable signals.,sources.html#topic-016,https://docs.cloud.google.com/vpc/docs/overview,no
51,topic-02,"VPC Network Peering (non-transitive, no overlapping ranges)","VPC Network Peering (non-transitive, no overlapping ranges)",16,topic-02-overview,topic-02-technical,topic-02-problem,topic-02-lab,A PSC/PSA/peering comparison and a NAT exhaustion hypothesis with measurable signals.,sources.html#topic-016,https://docs.cloud.google.com/vpc/docs/overview,no
51,topic-03,"Shared VPC (host and service projects, the enterprise landing zone baseline)","Shared VPC (host and service projects, the enterprise landing zone baseline)",16,topic-03-overview,topic-03-technical,topic-03-problem,topic-03-lab,A PSC/PSA/peering comparison and a NAT exhaustion hypothesis with measurable signals.,sources.html#topic-016,https://docs.cloud.google.com/vpc/docs/overview,no
51,topic-04,"Cloud NAT (Private NAT, gateway endpoints; no inbound)","Cloud NAT (Private NAT, gateway endpoints; no inbound)",16,topic-04-overview,topic-04-technical,topic-04-problem,topic-04-lab,A PSC/PSA/peering comparison and a NAT exhaustion hypothesis with measurable signals.,sources.html#topic-016,https://docs.cloud.google.com/nat/docs/overview,no
52,topic-01,Cloud DNS,"Cloud DNS: public and private zones, forwarding, peering zones, DNSSEC, response policies",16,topic-01-overview,topic-01-technical,topic-01-problem,topic-01-lab,A network runbook and NCC topology with explicit peering/transit limitations.,sources.html#topic-016,https://docs.cloud.google.com/nat/docs/overview,no
52,topic-02,"Network Connectivity Center (NCC as enterprise transit hub connecting VPC spokes, hybrid…","Network Connectivity Center (NCC as enterprise transit hub connecting VPC spokes, hybrid links, and SD-WAN router appliances)",16,topic-02-overview,topic-02-technical,topic-02-problem,topic-02-lab,A network runbook and NCC topology with explicit peering/transit limitations.,sources.html#topic-016,https://docs.cloud.google.com/vpc/docs/overview,no
52,topic-03,"VPC Flow Logs, Firewall Rules Logging, Packet Mirroring","VPC Flow Logs, Firewall Rules Logging, Packet Mirroring",16,topic-03-overview,topic-03-technical,topic-03-problem,topic-03-lab,A network runbook and NCC topology with explicit peering/transit limitations.,sources.html#topic-016,https://docs.cloud.google.com/firewall/docs/firewalls,no
52,topic-04,"Network Intelligence Center (Connectivity Tests, Network Topology, Performance Dashboard)","Network Intelligence Center (Connectivity Tests, Network Topology, Performance Dashboard)",16,topic-04-overview,topic-04-technical,topic-04-problem,topic-04-lab,A network runbook and NCC topology with explicit peering/transit limitations.,sources.html#topic-016,https://docs.cloud.google.com/vpc/docs/overview,no
53,topic-01,Load balancer taxonomy,"Load balancer taxonomy: global vs regional, external vs internal, proxy vs passthrough, L4 vs L7",17,topic-01-overview,topic-01-technical,topic-01-problem,topic-01-lab,A selection ADR comparing two feasible load-balancer types.,sources.html#topic-017,https://docs.cloud.google.com/load-balancing/docs/choosing-load-balancer,no
53,topic-02,"Global external Application Load Balancer (HTTP/S): URL maps, backend services, backend…","Global external Application Load Balancer (HTTP/S): URL maps, backend services, backend buckets, host and path rules",17,topic-02-overview,topic-02-technical,topic-02-problem,topic-02-lab,A selection ADR comparing two feasible load-balancer types.,sources.html#topic-017,https://docs.cloud.google.com/load-balancing/docs/choosing-load-balancer,no
53,topic-03,Regional external and internal Application Load Balancers,Regional external and internal Application Load Balancers,17,topic-03-overview,topic-03-technical,topic-03-problem,topic-03-lab,A selection ADR comparing two feasible load-balancer types.,sources.html#topic-017,https://docs.cloud.google.com/load-balancing/docs/choosing-load-balancer,no
53,topic-04,External and internal proxy Network Load Balancers (TCP/SSL proxy),External and internal proxy Network Load Balancers (TCP/SSL proxy),17,topic-04-overview,topic-04-technical,topic-04-problem,topic-04-lab,A selection ADR comparing two feasible load-balancer types.,sources.html#topic-017,https://docs.cloud.google.com/load-balancing/docs/choosing-load-balancer,no
54,topic-01,Passthrough Network Load Balancers (external and internal),Passthrough Network Load Balancers (external and internal),17,topic-01-overview,topic-01-technical,topic-01-problem,topic-01-lab,A timestamped failure/recovery trace and certificate/health-check ownership checklist.,sources.html#topic-017,https://docs.cloud.google.com/load-balancing/docs/choosing-load-balancer,no
54,topic-02,"Health checks (protocols, intervals, thresholds; firewall rules needed for health check…","Health checks (protocols, intervals, thresholds; firewall rules needed for health check ranges)",17,topic-02-overview,topic-02-technical,topic-02-problem,topic-02-lab,A timestamped failure/recovery trace and certificate/health-check ownership checklist.,sources.html#topic-017,https://docs.cloud.google.com/load-balancing/docs/choosing-load-balancer,no
54,topic-03,"Session affinity, connection draining, timeouts","Session affinity, connection draining, timeouts",17,topic-03-overview,topic-03-technical,topic-03-problem,topic-03-lab,A timestamped failure/recovery trace and certificate/health-check ownership checklist.,sources.html#topic-017,https://docs.cloud.google.com/load-balancing/docs/choosing-load-balancer,no
54,topic-04,SSL certificates,"SSL certificates: Google-managed, self-managed, Certificate Manager, SSL policies",17,topic-04-overview,topic-04-technical,topic-04-problem,topic-04-lab,A timestamped failure/recovery trace and certificate/health-check ownership checklist.,sources.html#topic-017,https://docs.cloud.google.com/load-balancing/docs/choosing-load-balancer,no
55,topic-01,"Cloud CDN (cache modes, cache keys, invalidation, signed URLs)","Cloud CDN (cache modes, cache keys, invalidation, signed URLs)",17,topic-01-overview,topic-01-technical,topic-01-problem,topic-01-lab,"A cache/security decision with invalidation, rollback and observability requirements.",sources.html#topic-017,https://docs.cloud.google.com/cdn/docs/overview,no
55,topic-02,"Cloud Armor (WAF rules, rate limiting, geo and IP allow/deny lists, adaptive protection)","Cloud Armor (WAF rules, rate limiting, geo and IP allow/deny lists, adaptive protection)",17,topic-02-overview,topic-02-technical,topic-02-problem,topic-02-lab,"A cache/security decision with invalidation, rollback and observability requirements.",sources.html#topic-017,https://docs.cloud.google.com/armor/docs/overview,no
55,topic-03,Traffic management,"Traffic management: weighted traffic splitting, header-based routing, cross-region failover",17,topic-03-overview,topic-03-technical,topic-03-problem,topic-03-lab,"A cache/security decision with invalidation, rollback and observability requirements.",sources.html#topic-017,https://docs.cloud.google.com/load-balancing/docs/choosing-load-balancer,no
55,topic-04,Choosing the right load balancer (decision tree in cheat sheets),Choosing the right load balancer (decision tree in cheat sheets),17,topic-04-overview,topic-04-technical,topic-04-problem,topic-04-lab,"A cache/security decision with invalidation, rollback and observability requirements.",sources.html#topic-017,https://docs.cloud.google.com/load-balancing/docs/choosing-load-balancer,no
56,topic-01,Cloud VPN,Cloud VPN: Classic vs HA VPN (99.99% SLA topology),18,topic-01-overview,topic-01-technical,topic-01-problem,topic-01-lab,"A hybrid ADR with separate failure domains, lead time and cost assumptions; a drawing does not prove an SLA.",sources.html#topic-018,https://docs.cloud.google.com/network-connectivity/docs/vpn/concepts/topologies,no
56,topic-02,Cloud Interconnect,Cloud Interconnect: Dedicated vs Partner,18,topic-02-overview,topic-02-technical,topic-02-problem,topic-02-lab,"A hybrid ADR with separate failure domains, lead time and cost assumptions; a drawing does not prove an SLA.",sources.html#topic-018,https://docs.cloud.google.com/network-connectivity/docs/interconnect/concepts/overview,no
56,topic-03,Cross-Cloud Interconnect (AWS/Azure direct multi-cloud links),Cross-Cloud Interconnect (AWS/Azure direct multi-cloud links),18,topic-03-overview,topic-03-technical,topic-03-problem,topic-03-lab,"A hybrid ADR with separate failure domains, lead time and cost assumptions; a drawing does not prove an SLA.",sources.html#topic-018,https://docs.cloud.google.com/network-connectivity/docs/interconnect/concepts/overview,no
56,topic-04,Network Connectivity Center (NCC) router spoke integration,Network Connectivity Center (NCC) router spoke integration,18,topic-04-overview,topic-04-technical,topic-04-problem,topic-04-lab,"A hybrid ADR with separate failure domains, lead time and cost assumptions; a drawing does not prove an SLA.",sources.html#topic-018,https://docs.cloud.google.com/network-connectivity/docs/vpn/concepts/topologies,no
56,topic-05,99.9% vs 99.99% topologies,99.9% vs 99.99% topologies,18,topic-05-overview,topic-05-technical,topic-05-problem,topic-05-lab,"A hybrid ADR with separate failure domains, lead time and cost assumptions; a drawing does not prove an SLA.",sources.html#topic-018,https://docs.cloud.google.com/network-connectivity/docs/vpn/concepts/topologies,no
56,topic-06,Direct Peering vs Carrier Peering,Direct Peering vs Carrier Peering,18,topic-06-overview,topic-06-technical,topic-06-problem,topic-06-lab,"A hybrid ADR with separate failure domains, lead time and cost assumptions; a drawing does not prove an SLA.",sources.html#topic-018,https://docs.cloud.google.com/network-connectivity/docs/vpn/concepts/topologies,no
57,topic-01,"Cloud Router and BGP (dynamic route advertisement, MED, custom advertisements)","Cloud Router and BGP (dynamic route advertisement, MED, custom advertisements)",18,topic-01-overview,topic-01-technical,topic-01-problem,topic-01-lab,An evidence-based diagnosis for each fault and a failover validation plan.,sources.html#topic-018,https://docs.cloud.google.com/network-connectivity/docs/vpn/concepts/topologies,no
57,topic-02,Private Google Access for on-premises hosts,Private Google Access for on-premises hosts,18,topic-02-overview,topic-02-technical,topic-02-problem,topic-02-lab,An evidence-based diagnosis for each fault and a failover validation plan.,sources.html#topic-018,https://docs.cloud.google.com/network-connectivity/docs/vpn/concepts/topologies,no
57,topic-03,"Choosing VPN vs Interconnect (bandwidth, latency, cost, SLA, lead time)","Choosing VPN vs Interconnect (bandwidth, latency, cost, SLA, lead time)",18,topic-03-overview,topic-03-technical,topic-03-problem,topic-03-lab,An evidence-based diagnosis for each fault and a failover validation plan.,sources.html#topic-018,https://docs.cloud.google.com/network-connectivity/docs/interconnect/concepts/overview,no
58,topic-01,"Cloud Storage access and location choices, classes, lifecycle, Autoclass, versioning,…","Cloud Storage access and location choices, classes, lifecycle, Autoclass, versioning, retention/holds, Bucket Lock and signed access. Revisit filesystem flush/durable-write semantics from Day 10. One small bucket or local fixture is sufficient",19,topic-01-overview,topic-01-technical,topic-01-problem,topic-01-lab,An object lifecycle/access worksheet and a durable-write versus cached-write explanation.,sources.html#topic-019,https://docs.cloud.google.com/storage/docs/storage-classes,no
58,topic-02,Irreversible retention locking is a design exercise,irreversible retention locking is a design exercise.,19,topic-02-overview,topic-02-technical,topic-02-problem,topic-02-lab,An object lifecycle/access worksheet and a durable-write versus cached-write explanation.,sources.html#topic-019,https://docs.cloud.google.com/storage/docs/storage-classes,no
59,topic-01,"Transfer choices, checksums/reconciliation, replication and recovery","Transfer choices, checksums/reconciliation, replication and recovery","19,20",topic-01-overview,topic-01-technical,topic-01-problem,topic-01-lab,A reconciliation and restore report; compare transfer services and replication options on paper.,sources.html#topic-019,https://docs.cloud.google.com/storage/docs/storage-classes,no
59,topic-02,"Compare Storage Transfer Service, Transfer Appliance and BigQuery transfers","compare Storage Transfer Service, Transfer Appliance and BigQuery transfers. Contrast Persistent Disk, Hyperdisk and Local SSD at selection depth. Implement one copy/restore path, not every transfer product.","19,20",topic-02-overview,topic-02-technical,topic-02-problem,topic-02-lab,A reconciliation and restore report; compare transfer services and replication options on paper.,sources.html#topic-019,https://docs.cloud.google.com/storage/docs/storage-classes,no
60,topic-01,Filestore/NFS and block/file/object semantics,Filestore/NFS and block/file/object semantics,19,topic-01-overview,topic-01-technical,topic-01-problem,topic-01-lab,"A storage ADR and restore checklist with owner, retention and application-consistency checks.",sources.html#topic-019,https://docs.cloud.google.com/filestore/docs/overview,no
60,topic-02,Recognize Parallelstore and NetApp Volumes use cases,"recognize Parallelstore and NetApp Volumes use cases. Backup and DR, snapshot schedules, application consistency and restore validation. Use current product documentation for tiers and availability rather than memorizing an unqualified list.",19,topic-02-overview,topic-02-technical,topic-02-problem,topic-02-lab,"A storage ADR and restore checklist with owner, retention and application-consistency checks.",sources.html#topic-019,https://docs.cloud.google.com/storage/docs/storage-classes,no
61,topic-01,"Cloud SQL connection paths, pooling/limits, maintenance, backup/PITR, regional HA and…","Cloud SQL connection paths, pooling/limits, maintenance, backup/PITR, regional HA and cross-region replicas",20,topic-01-overview,topic-01-technical,topic-01-problem,topic-01-lab,"SQL results, a connection/HA diagram and Cloud SQL-versus-AlloyDB comparison; no multi-database deployment requirement.",sources.html#topic-020,https://docs.cloud.google.com/sql/docs,no
61,topic-02,Compare AlloyDB compatibility/read pools at selection depth,"compare AlloyDB compatibility/read pools at selection depth. Deep practice is one relational store: SQL isolation, locks/deadlocks, WAL/commit, durability and safe retry. Managed HA operation is revisited on Days 91–98.",20,topic-02-overview,topic-02-technical,topic-02-problem,topic-02-lab,"SQL results, a connection/HA diagram and Cloud SQL-versus-AlloyDB comparison; no multi-database deployment requirement.",sources.html#topic-020,https://docs.cloud.google.com/sql/docs,no
62,topic-01,Spanner external consistency and regional/multi-region choices,Spanner external consistency and regional/multi-region choices,20,topic-01-overview,topic-01-technical,topic-01-problem,topic-01-lab,"Three schema/key sketches, one selection ADR and an explicit consistency/failover assumption per option.",sources.html#topic-020,https://docs.cloud.google.com/spanner/docs/true-time-external-consistency,no
62,topic-02,Firestore document/index patterns,Firestore document/index patterns,20,topic-02-overview,topic-02-technical,topic-02-problem,topic-02-lab,"Three schema/key sketches, one selection ADR and an explicit consistency/failover assumption per option.",sources.html#topic-020,https://docs.cloud.google.com/sql/docs,no
62,topic-03,Bigtable wide-column/row-key/replication patterns,"Bigtable wide-column/row-key/replication patterns. Introduce leader, quorum and consensus at diagram depth before discussing consistency and hotspotting. Compare schemas and failure behavior",20,topic-03-overview,topic-03-technical,topic-03-problem,topic-03-lab,"Three schema/key sketches, one selection ADR and an explicit consistency/failover assumption per option.",sources.html#topic-020,https://docs.cloud.google.com/sql/docs,no
62,topic-04,"Implement only the selected store, with algorithm depth on Day 145","implement only the selected store, with algorithm depth on Day 145.",20,topic-04-overview,topic-04-technical,topic-04-problem,topic-04-lab,"Three schema/key sketches, one selection ADR and an explicit consistency/failover assumption per option.",sources.html#topic-020,https://docs.cloud.google.com/sql/docs,no
63,topic-01,"Memorystore/cache choices, stale reads and invalidation","Memorystore/cache choices, stale reads and invalidation",20,topic-01-overview,topic-01-technical,topic-01-problem,topic-01-lab,"A cache invalidation timeline, CDC-lag explanation and completed database selection sheet.",sources.html#topic-020,https://docs.cloud.google.com/sql/docs,no
63,topic-02,Database Migration Service and Datastream/CDC,"Database Migration Service and Datastream/CDC. Compare database options against access patterns, scale, consistency and operational requirements. Advanced cache load behavior is Day 123",20,topic-02-overview,topic-02-technical,topic-02-problem,topic-02-lab,"A cache invalidation timeline, CDC-lag explanation and completed database selection sheet.",sources.html#topic-020,https://cloud.google.com/products/databases,no
63,topic-03,CDC correctness returns on Days 76 and 137,CDC correctness returns on Days 76 and 137.,20,topic-03-overview,topic-03-technical,topic-03-problem,topic-03-lab,"A cache invalidation timeline, CDC-lag explanation and completed database selection sheet.",sources.html#topic-020,https://docs.cloud.google.com/sql/docs,no
64,topic-01,"Pub/Sub topic/subscription, push/pull, ordering, dead letters, retention/replay and…","Pub/Sub topic/subscription, push/pull, ordering, dead letters, retention/replay and exactly-once scope. Compare Tasks, Eventarc, Workflows, Application Integration and API gateway roles at recognition depth. Practise a local transaction/outbox, consumer deduplication, schema compatibility and crash/ack boundaries","21,78,81",topic-01-overview,topic-01-technical,topic-01-problem,topic-01-lab,A repeatable invariant check and crash-before/after-ack timeline; explain why transport delivery is not end-to-end exactly-once behavior.,sources.html#topic-021,https://docs.cloud.google.com/pubsub/docs/exactly-once-delivery,no
64,topic-02,Contract governance returns on Day 167,contract governance returns on Day 167.,"21,78,81",topic-02-overview,topic-02-technical,topic-02-problem,topic-02-lab,A repeatable invariant check and crash-before/after-ack timeline; explain why transport delivery is not end-to-end exactly-once behavior.,sources.html#topic-021,https://docs.cloud.google.com/pubsub/docs/exactly-once-delivery,no
65,topic-01,"Integrate a single selected runtime, datastore and message consumer for the retailer","Integrate a single selected runtime, datastore and message consumer for the retailer",21,topic-01-overview,topic-01-technical,topic-01-problem,topic-01-lab,An end-to-end request/data/identity diagram with logs and one rejected unauthorized request.,sources.html#topic-021,https://docs.cloud.google.com/pubsub/docs/exactly-once-delivery,no
65,topic-02,"Preserve request IDs, identities and business invariants","preserve request IDs, identities and business invariants. Reuse network and health-check evidence instead of adding multiple new deployment paths.",21,topic-02-overview,topic-02-technical,topic-02-problem,topic-02-lab,An end-to-end request/data/identity diagram with logs and one rejected unauthorized request.,sources.html#topic-021,https://docs.cloud.google.com/pubsub/docs/exactly-once-delivery,no
66,topic-01,"Reproduce, diagnose and restore the integrated application","Reproduce, diagnose and restore the integrated application. Use existing private-access, NAT, hybrid-routing and storage lifecycle artifacts to explain alternatives",21,topic-01-overview,topic-01-technical,topic-01-problem,topic-01-lab,"A reproducibility log, recovery runbook and inventory/cleanup evidence rather than several new deployments.",sources.html#topic-021,https://docs.cloud.google.com/pubsub/docs/exactly-once-delivery,no
67,topic-01,Prerequisite review and remediation,Prerequisite review and remediation,69,topic-01-overview,topic-01-technical,topic-01-problem,topic-01-lab,A scored G3 decision and indexed operational evidence for later architecture choices.,sources.html#topic-069,https://services.google.com/fh/files/misc/professional_cloud_architect_exam_guide_english.pdf,no
67,topic-02,Use the matching gate criteria in the Gates section,use the matching gate criteria in the Gates section. Do not introduce new services or concepts on a checkpoint day.,69,topic-02-overview,topic-02-technical,topic-02-problem,topic-02-lab,A scored G3 decision and indexed operational evidence for later architecture choices.,sources.html#topic-069,https://services.google.com/fh/files/misc/professional_cloud_architect_exam_guide_english.pdf,no
68,topic-01,Business requirements,"Business requirements: revenue goals, time-to-market, growth plans, risk appetite, geography, brand and customer experience",22,topic-01-overview,topic-01-technical,topic-01-problem,topic-01-lab,"A requirements register with units, acceptance methods and unresolved business questions.",sources.html#topic-022,https://docs.cloud.google.com/architecture/framework,no
68,topic-02,Technical requirements,"Technical requirements: throughput, latency, data volume, consistency, availability targets, integration points",22,topic-02-overview,topic-02-technical,topic-02-problem,topic-02-lab,"A requirements register with units, acceptance methods and unresolved business questions.",sources.html#topic-022,https://docs.cloud.google.com/architecture/framework,no
68,topic-03,"Functional vs non-functional requirements (the ""-ilities"": availability, scalability,…","Functional vs non-functional requirements (the ""-ilities"": availability, scalability, durability, maintainability, security, observability)",22,topic-03-overview,topic-03-technical,topic-03-problem,topic-03-lab,"A requirements register with units, acceptance methods and unresolved business questions.",sources.html#topic-022,https://docs.cloud.google.com/architecture/framework,no
68,topic-04,Constraints,"Constraints: budget, existing contracts and licences, skills, legacy systems, regulatory limits, deadlines",22,topic-04-overview,topic-04-technical,topic-04-problem,topic-04-lab,"A requirements register with units, acceptance methods and unresolved business questions.",sources.html#topic-022,https://docs.cloud.google.com/architecture/framework,no
69,topic-01,"Stakeholder mapping (CTO, security, finance, operations, developers) and what each cares about","Stakeholder mapping (CTO, security, finance, operations, developers) and what each cares about",22,topic-01-overview,topic-01-technical,topic-01-problem,topic-01-lab,"An agreed-priority simulation, stakeholder map and measurable success criteria.",sources.html#topic-022,https://docs.cloud.google.com/architecture/framework,no
69,topic-02,Questions a consultant asks in discovery (see the later discovery sessions on Days 146–151),Questions a consultant asks in discovery (see the later discovery sessions on Days 146–151),22,topic-02-overview,topic-02-technical,topic-02-problem,topic-02-lab,"An agreed-priority simulation, stakeholder map and measurable success criteria.",sources.html#topic-022,https://docs.cloud.google.com/architecture/framework,no
69,topic-03,"Writing measurable requirements (""99.95% monthly availability"", ""p99 latency under 300 ms"")","Writing measurable requirements (""99.95% monthly availability"", ""p99 latency under 300 ms"")",22,topic-03-overview,topic-03-technical,topic-03-problem,topic-03-lab,"An agreed-priority simulation, stakeholder map and measurable success criteria.",sources.html#topic-022,https://docs.cloud.google.com/architecture/framework,no
69,topic-04,Prioritising with MoSCoW or weighted scoring,Prioritising with MoSCoW or weighted scoring,22,topic-04-overview,topic-04-technical,topic-04-problem,topic-04-lab,"An agreed-priority simulation, stakeholder map and measurable success criteria.",sources.html#topic-022,https://docs.cloud.google.com/architecture/framework,no
70,topic-01,"Operational excellence pillar (automation, monitoring, incident management, change management)","Operational excellence pillar (automation, monitoring, incident management, change management)",23,topic-01-overview,topic-01-technical,topic-01-problem,topic-01-lab,One evidence-backed strength and one remediation per reviewed pillar.,sources.html#topic-023,https://docs.cloud.google.com/architecture/framework,no
70,topic-02,"Security, privacy and compliance pillar","Security, privacy and compliance pillar",23,topic-02-overview,topic-02-technical,topic-02-problem,topic-02-lab,One evidence-backed strength and one remediation per reviewed pillar.,sources.html#topic-023,https://docs.cloud.google.com/architecture/framework,no
70,topic-03,Reliability pillar,Reliability pillar,23,topic-03-overview,topic-03-technical,topic-03-problem,topic-03-lab,One evidence-backed strength and one remediation per reviewed pillar.,sources.html#topic-023,https://docs.cloud.google.com/architecture/framework,no
70,topic-04,Cost optimization pillar,Cost optimization pillar,23,topic-04-overview,topic-04-technical,topic-04-problem,topic-04-lab,One evidence-backed strength and one remediation per reviewed pillar.,sources.html#topic-023,https://docs.cloud.google.com/architecture/framework,no
71,topic-01,Performance optimization pillar,Performance optimization pillar,23,topic-01-overview,topic-01-technical,topic-01-problem,topic-01-lab,A six-pillar review with conflicting objectives and justified trade-offs.,sources.html#topic-023,https://docs.cloud.google.com/architecture/framework,no
71,topic-02,Sustainability pillar,Sustainability pillar,23,topic-02-overview,topic-02-technical,topic-02-problem,topic-02-lab,A six-pillar review with conflicting objectives and justified trade-offs.,sources.html#topic-023,https://docs.cloud.google.com/architecture/framework,no
71,topic-03,System design as cross-cutting architectural guidance,system design as cross-cutting architectural guidance,23,topic-03-overview,topic-03-technical,topic-03-problem,topic-03-lab,A six-pillar review with conflicting objectives and justified trade-offs.,sources.html#topic-023,https://docs.cloud.google.com/architecture/framework,no
71,topic-04,How the pillars conflict (reliability costs money; security adds latency) and how to…,How the pillars conflict (reliability costs money; security adds latency) and how to document trade-offs,23,topic-04-overview,topic-04-technical,topic-04-problem,topic-04-lab,A six-pillar review with conflicting objectives and justified trade-offs.,sources.html#topic-023,https://docs.cloud.google.com/architecture/framework,no
72,topic-01,Three-tier web application,Three-tier web application,24,topic-01-overview,topic-01-technical,topic-01-problem,topic-01-lab,Before/after diagrams and an ADR linked to the Day 64 invariant.,sources.html#topic-024,https://docs.cloud.google.com/architecture,no
72,topic-02,Static site and CDN,Static site and CDN,24,topic-02-overview,topic-02-technical,topic-02-problem,topic-02-lab,Before/after diagrams and an ADR linked to the Day 64 invariant.,sources.html#topic-024,https://docs.cloud.google.com/architecture,no
72,topic-03,Microservices on GKE or Cloud Run with service-to-service authentication,Microservices on GKE or Cloud Run with service-to-service authentication,24,topic-03-overview,topic-03-technical,topic-03-problem,topic-03-lab,Before/after diagrams and an ADR linked to the Day 64 invariant.,sources.html#topic-024,https://docs.cloud.google.com/architecture,no
72,topic-04,"Event-driven architecture (Pub/Sub, Eventarc, Dataflow)","Event-driven architecture (Pub/Sub, Eventarc, Dataflow)",24,topic-04-overview,topic-04-technical,topic-04-problem,topic-04-lab,Before/after diagrams and an ADR linked to the Day 64 invariant.,sources.html#topic-024,https://docs.cloud.google.com/architecture,no
73,topic-01,"Batch versus streaming, warehouse versus operational database, data lake/lakehouse,…","Batch versus streaming, warehouse versus operational database, data lake/lakehouse, schema, event time and freshness","24,51,52",topic-01-overview,topic-01-technical,topic-01-problem,topic-01-lab,A data-flow diagram and vocabulary sheet to be used in the later data labs.,sources.html#topic-024,https://docs.cloud.google.com/architecture,no
73,topic-02,Introductory pipeline/orchestration roles and data ownership,introductory pipeline/orchestration roles and data ownership. Compare API-first and hybrid integration. This prepares the practical data block beginning on Day 134.,"24,51,52",topic-02-overview,topic-02-technical,topic-02-problem,topic-02-lab,A data-flow diagram and vocabulary sheet to be used in the later data labs.,sources.html#topic-024,https://docs.cloud.google.com/architecture,no
74,topic-01,Multi-region active-active vs active-passive,Multi-region active-active vs active-passive,24,topic-01-overview,topic-01-technical,topic-01-problem,topic-01-lab,"A topology ADR with isolation, recovery and write-ownership decisions.",sources.html#topic-024,https://docs.cloud.google.com/architecture,no
74,topic-02,"Multi-tenant SaaS designs (isolation by project, VPC, namespace or row)","Multi-tenant SaaS designs (isolation by project, VPC, namespace or row)",24,topic-02-overview,topic-02-technical,topic-02-problem,topic-02-lab,"A topology ADR with isolation, recovery and write-ownership decisions.",sources.html#topic-024,https://docs.cloud.google.com/architecture,no
74,topic-03,"Landing zone / enterprise foundation (org structure, networking hub, shared VPC, logging,…","Landing zone / enterprise foundation (org structure, networking hub, shared VPC, logging, security baseline)",24,topic-03-overview,topic-03-technical,topic-03-problem,topic-03-lab,"A topology ADR with isolation, recovery and write-ownership decisions.",sources.html#topic-024,https://docs.cloud.google.com/architecture/landing-zones,no
74,topic-04,Anti-patterns,"Anti-patterns: lift-and-shift with no optimisation, single points of failure, chatty cross-region calls, giant monolithic projects",24,topic-04-overview,topic-04-technical,topic-04-problem,topic-04-lab,"A topology ADR with isolation, recovery and write-ownership decisions.",sources.html#topic-024,https://docs.cloud.google.com/architecture,no
75,topic-01,The 6 Rs,"The 6 Rs: rehost, replatform, refactor, repurchase, retire, retain",25,topic-01-overview,topic-01-technical,topic-01-problem,topic-01-lab,"A migration assessment with one chosen route, two alternatives and unknowns requiring discovery.",sources.html#topic-025,https://docs.cloud.google.com/architecture/migration-to-google-cloud,no
75,topic-02,Migration phases,"Migration phases: assess, plan, deploy, optimise",25,topic-02-overview,topic-02-technical,topic-02-problem,topic-02-lab,"A migration assessment with one chosen route, two alternatives and unknowns requiring discovery.",sources.html#topic-025,https://docs.cloud.google.com/architecture/migration-to-google-cloud,no
75,topic-03,Discovery and assessment tools,"Discovery and assessment tools: Migration Center, StratoZone-style inventory",25,topic-03-overview,topic-03-technical,topic-03-problem,topic-03-lab,"A migration assessment with one chosen route, two alternatives and unknowns requiring discovery.",sources.html#topic-025,https://docs.cloud.google.com/architecture/migration-to-google-cloud,no
75,topic-04,Google Cloud VMware Engine,"Google Cloud VMware Engine: when retaining VMware is appropriate, private-cloud architecture, hybrid networking, migration dependencies, licensing and operational trade-offs.",25,topic-04-overview,topic-04-technical,topic-04-problem,topic-04-lab,"A migration assessment with one chosen route, two alternatives and unknowns requiring discovery.",sources.html#topic-025,https://docs.cloud.google.com/vmware-engine/docs/overview,no
76,topic-01,"Cutover patterns, strangler modernization, transfer/CDC tools and network/DNS dependencies","Cutover patterns, strangler modernization, transfer/CDC tools and network/DNS dependencies",25,topic-01-overview,topic-01-technical,topic-01-problem,topic-01-lab,"A timed cutover/rollback log, CDC-lag observation and reconciliation results; label simulation limits.",sources.html#topic-025,https://docs.cloud.google.com/architecture/migration-to-google-cloud,no
76,topic-02,"Reconciliation, lag, dual-write risk, acceptance thresholds and rollback boundaries","reconciliation, lag, dual-write risk, acceptance thresholds and rollback boundaries. A small local data-migration rehearsal is required before final wave planning.",25,topic-02-overview,topic-02-technical,topic-02-problem,topic-02-lab,"A timed cutover/rollback log, CDC-lag observation and reconciliation results; label simulation limits.",sources.html#topic-025,https://docs.cloud.google.com/architecture/migration-to-google-cloud,no
77,topic-01,"Licensing considerations (Windows, SQL Server, Oracle)","Licensing considerations (Windows, SQL Server, Oracle)",25,topic-01-overview,topic-01-technical,topic-01-problem,topic-01-lab,"A migration wave plan with owners, licensing questions and business acceptance evidence.",sources.html#topic-025,https://docs.cloud.google.com/architecture/migration-to-google-cloud,no
77,topic-02,Application dependency mapping and wave planning,Application dependency mapping and wave planning,25,topic-02-overview,topic-02-technical,topic-02-problem,topic-02-lab,"A migration wave plan with owners, licensing questions and business acceptance evidence.",sources.html#topic-025,https://docs.cloud.google.com/architecture/migration-to-google-cloud,no
77,topic-03,Rollback planning,Rollback planning,25,topic-03-overview,topic-03-technical,topic-03-problem,topic-03-lab,"A migration wave plan with owners, licensing questions and business acceptance evidence.",sources.html#topic-025,https://docs.cloud.google.com/architecture/migration-to-google-cloud,no
77,topic-04,"Produce a migration rehearsal report covering reconciliation failures, rollback execution,…","Produce a migration rehearsal report covering reconciliation failures, rollback execution, data divergence during rollback, and business sign-off criteria.",25,topic-04-overview,topic-04-technical,topic-04-problem,topic-04-lab,"A migration wave plan with owners, licensing questions and business acceptance evidence.",sources.html#topic-025,https://docs.cloud.google.com/architecture/migration-to-google-cloud,no
78,topic-01,Build vs buy vs managed service,Build vs buy vs managed service,26,topic-01-overview,topic-01-technical,topic-01-problem,topic-01-lab,A decision matrix and sensitivity check showing when the preferred option changes.,sources.html#topic-026,https://docs.cloud.google.com/architecture/framework,no
78,topic-02,Trade-off matrices with weighted criteria,Trade-off matrices with weighted criteria,26,topic-02-overview,topic-02-technical,topic-02-problem,topic-02-lab,A decision matrix and sensitivity check showing when the preferred option changes.,sources.html#topic-026,https://docs.cloud.google.com/architecture/framework,no
79,topic-01,Architecture Decision Records (ADRs),"Architecture Decision Records (ADRs): context, decision, consequences, alternatives",26,topic-01-overview,topic-01-technical,topic-01-problem,topic-01-lab,"An ADR with alternatives, dated pricing assumptions and risk owners.",sources.html#topic-026,https://docs.cloud.google.com/architecture/framework,no
79,topic-02,Total cost of ownership (TCO) comparisons,Total cost of ownership (TCO) comparisons,26,topic-02-overview,topic-02-technical,topic-02-problem,topic-02-lab,"An ADR with alternatives, dated pricing assumptions and risk owners.",sources.html#topic-026,https://cloud.google.com/products/calculator,no
79,topic-03,"Risk registers (likelihood, impact, mitigation)","Risk registers (likelihood, impact, mitigation)",26,topic-03-overview,topic-03-technical,topic-03-problem,topic-03-lab,"An ADR with alternatives, dated pricing assumptions and risk owners.",sources.html#topic-026,https://docs.cloud.google.com/architecture/framework,no
80,topic-01,"C4 model (context, container, component)","C4 model (context, container, component)",27,topic-01-overview,topic-01-technical,topic-01-problem,topic-01-lab,"Consistent diagrams naming trust boundaries, state owners and failure responses.",sources.html#topic-027,https://c4model.com/,no
80,topic-02,"Network diagrams with regions, zones, subnets and flows","Network diagrams with regions, zones, subnets and flows",27,topic-02-overview,topic-02-technical,topic-02-problem,topic-02-lab,"Consistent diagrams naming trust boundaries, state owners and failure responses.",sources.html#topic-027,https://c4model.com/,no
80,topic-03,Data flow diagrams,Data flow diagrams,27,topic-03-overview,topic-03-technical,topic-03-problem,topic-03-lab,"Consistent diagrams naming trust boundaries, state owners and failure responses.",sources.html#topic-027,https://c4model.com/,no
80,topic-04,Sequence diagrams for failure scenarios,Sequence diagrams for failure scenarios,27,topic-04-overview,topic-04-technical,topic-04-problem,topic-04-lab,"Consistent diagrams naming trust boundaries, state owners and failure responses.",sources.html#topic-027,https://c4model.com/,no
81,topic-01,"Architecture review, requirement traceability and changed-constraint reasoning","Architecture review, requirement traceability and changed-constraint reasoning. Reuse the C4/topology diagrams and migration rehearsal",27,topic-01-overview,topic-01-technical,topic-01-problem,topic-01-lab,"A review memo with objections, revised ADR and measured-versus-assumed claims marked.",sources.html#topic-027,https://docs.cloud.google.com/architecture/framework,no
81,topic-02,Defend one target architecture and revise its weakest ADR,defend one target architecture and revise its weakest ADR.,27,topic-02-overview,topic-02-technical,topic-02-problem,topic-02-lab,"A review memo with objections, revised ADR and measured-versus-assumed claims marked.",sources.html#topic-027,https://docs.cloud.google.com/architecture/framework,no
82,topic-01,Prerequisite review and remediation,Prerequisite review and remediation,69,topic-01-overview,topic-01-technical,topic-01-problem,topic-01-lab,A scored G4 result plus requirement-to-ADR-to-evidence traceability.,sources.html#topic-069,https://services.google.com/fh/files/misc/professional_cloud_architect_exam_guide_english.pdf,no
82,topic-02,Use the matching gate criteria in the Gates section,use the matching gate criteria in the Gates section. Do not introduce new services or concepts on a checkpoint day.,69,topic-02-overview,topic-02-technical,topic-02-problem,topic-02-lab,A scored G4 result plus requirement-to-ADR-to-evidence traceability.,sources.html#topic-069,https://services.google.com/fh/files/misc/professional_cloud_architect_exam_guide_english.pdf,no
83,topic-01,Availability math,Availability math: 99.9% vs 99.95% vs 99.99% downtime per month/year,28,topic-01-overview,topic-01-technical,topic-01-problem,topic-01-lab,Correct calculations and a list of correlated failures excluded by the simple model.,sources.html#topic-028,https://docs.cloud.google.com/architecture/framework/reliability,no
83,topic-02,Series vs parallel availability (composite SLA calculation: multiply for series dependencies),Series vs parallel availability (composite SLA calculation: multiply for series dependencies),28,topic-02-overview,topic-02-technical,topic-02-problem,topic-02-lab,Correct calculations and a list of correlated failures excluded by the simple model.,sources.html#topic-028,https://docs.cloud.google.com/architecture/framework/reliability,no
83,topic-03,Single points of failure,Single points of failure: identify and eliminate at every layer,28,topic-03-overview,topic-03-technical,topic-03-problem,topic-03-lab,Correct calculations and a list of correlated failures excluded by the simple model.,sources.html#topic-028,https://docs.cloud.google.com/architecture/framework/reliability,no
84,topic-01,Failure domains,"Failure domains: instance, zone, region, service, dependency, human error",28,topic-01-overview,topic-01-technical,topic-01-problem,topic-01-lab,"A failure matrix distinguishing availability, backup and regional recovery.",sources.html#topic-028,https://docs.cloud.google.com/architecture/framework/reliability,no
84,topic-02,HA vs fault tolerance vs disaster recovery vs backup (four distinct concepts),HA vs fault tolerance vs disaster recovery vs backup (four distinct concepts),28,topic-02-overview,topic-02-technical,topic-02-problem,topic-02-lab,"A failure matrix distinguishing availability, backup and regional recovery.",sources.html#topic-028,https://docs.cloud.google.com/architecture/framework/reliability,no
84,topic-03,Graceful degradation and load shedding,Graceful degradation and load shedding,28,topic-03-overview,topic-03-technical,topic-03-problem,topic-03-lab,"A failure matrix distinguishing availability, backup and regional recovery.",sources.html#topic-028,https://docs.cloud.google.com/architecture/framework/reliability,no
85,topic-01,"Timeout/deadline budgets, bounded retry with jitter, idempotency, circuit breakers,…","Timeout/deadline budgets, bounded retry with jitter, idempotency, circuit breakers, bulkheads, load shedding and external state. Explain percentiles, arrival/service rates, queue depth and concurrency before applying capacity models","28,29,83",topic-01-overview,topic-01-technical,topic-01-problem,topic-01-lab,A retry timeline and a request budget showing how duplicate work and amplification are controlled.,sources.html#topic-028,https://docs.cloud.google.com/architecture/framework/reliability,no
85,topic-02,Distinguish measured from forecast throughput,distinguish measured from forecast throughput.,"28,29,83",topic-02-overview,topic-02-technical,topic-02-problem,topic-02-lab,A retry timeline and a request budget showing how duplicate work and amplification are controlled.,sources.html#topic-028,https://docs.cloud.google.com/architecture/framework/reliability,no
86,topic-01,"SLIs, SLOs, SLAs and how they differ","SLIs, SLOs, SLAs and how they differ",29,topic-01-overview,topic-01-technical,topic-01-problem,topic-01-lab,"An SLO document with valid measurement window, exclusions and release policy.",sources.html#topic-029,https://sre.google/workbook/table-of-contents/,no
86,topic-02,Error budgets and how they govern release velocity,Error budgets and how they govern release velocity,29,topic-02-overview,topic-02-technical,topic-02-problem,topic-02-lab,"An SLO document with valid measurement window, exclusions and release policy.",sources.html#topic-029,https://sre.google/workbook/table-of-contents/,no
86,topic-03,Toil and automation,Toil and automation,29,topic-03-overview,topic-03-technical,topic-03-problem,topic-03-lab,"An SLO document with valid measurement window, exclusions and release policy.",sources.html#topic-029,https://sre.google/workbook/table-of-contents/,no
86,topic-04,Golden signals,"Golden signals: latency, traffic, errors, saturation",29,topic-04-overview,topic-04-technical,topic-04-problem,topic-04-lab,"An SLO document with valid measurement window, exclusions and release policy.",sources.html#topic-029,https://sre.google/workbook/table-of-contents/,no
87,topic-01,Incident management,"Incident management: severity levels, on-call, escalation, incident commander",29,topic-01-overview,topic-01-technical,topic-01-problem,topic-01-lab,"An incident timeline, blameless action list and capacity assumptions.",sources.html#topic-029,https://sre.google/workbook/table-of-contents/,no
87,topic-02,Blameless post-mortems,Blameless post-mortems,29,topic-02-overview,topic-02-technical,topic-02-problem,topic-02-lab,"An incident timeline, blameless action list and capacity assumptions.",sources.html#topic-029,https://sre.google/workbook/table-of-contents/,no
87,topic-03,Capacity planning and load forecasting,Capacity planning and load forecasting,29,topic-03-overview,topic-03-technical,topic-03-problem,topic-03-lab,"An incident timeline, blameless action list and capacity assumptions.",sources.html#topic-029,https://sre.google/workbook/table-of-contents/,no
88,topic-01,**Compute,"**Compute:** regional MIGs across 3 zones, autohealing, over-provisioning for N+1, GKE regional clusters, multi-zone node pools, Pod Disruption Budgets, topology spread constraints",30,topic-01-overview,topic-01-technical,topic-01-problem,topic-01-lab,A layer-by-layer HA design with shared dependencies and capacity limits exposed.,sources.html#topic-030,https://docs.cloud.google.com/architecture/framework/reliability,no
88,topic-02,**Network,"**Network:** redundant HA VPN tunnels, dual Interconnect in separate metros, redundant Cloud Routers, global load balancing with health checks",30,topic-02-overview,topic-02-technical,topic-02-problem,topic-02-lab,A layer-by-layer HA design with shared dependencies and capacity limits exposed.,sources.html#topic-030,https://docs.cloud.google.com/architecture/framework/reliability,no
88,topic-03,**Storage,"**Storage:** regional persistent disks, multi-region/dual-region buckets, Filestore regional/Enterprise",30,topic-03-overview,topic-03-technical,topic-03-problem,topic-03-lab,A layer-by-layer HA design with shared dependencies and capacity limits exposed.,sources.html#topic-030,https://docs.cloud.google.com/architecture/framework/reliability,no
88,topic-04,**Databases,"**Databases:** Cloud SQL HA + cross-region replicas, Spanner multi-region, Bigtable multi-cluster replication, Firestore multi-region, Memorystore Standard tier",30,topic-04-overview,topic-04-technical,topic-04-problem,topic-04-lab,A layer-by-layer HA design with shared dependencies and capacity limits exposed.,sources.html#topic-030,https://docs.cloud.google.com/architecture/framework/reliability,no
89,topic-01,**Messaging,"**Messaging:** review Pub/Sub resource scope, regional endpoints, message storage policies and failure behavior",30,topic-01-overview,topic-01-technical,topic-01-problem,topic-01-lab,A user-visible recovery timeline and a shallow-versus-deep health-check decision.,sources.html#topic-030,https://docs.cloud.google.com/architecture/framework/reliability,no
89,topic-02,**DNS,"**DNS:** verify Cloud DNS SLA conditions and routing policies (geolocation, weighted, failover)",30,topic-02-overview,topic-02-technical,topic-02-problem,topic-02-lab,A user-visible recovery timeline and a shallow-versus-deep health-check decision.,sources.html#topic-030,https://docs.cloud.google.com/architecture/framework/reliability,no
89,topic-03,**Application,"**Application:** health check design (shallow vs deep), readiness vs liveness probes, graceful shutdown",30,topic-03-overview,topic-03-technical,topic-03-problem,topic-03-lab,A user-visible recovery timeline and a shallow-versus-deep health-check decision.,sources.html#topic-030,https://docs.cloud.google.com/architecture/framework/reliability,no
90,topic-01,RTO and RPO definitions and how business impact analysis produces them,RTO and RPO definitions and how business impact analysis produces them,31,topic-01-overview,topic-01-technical,topic-01-problem,topic-01-lab,A DR ADR with cost and recovery trade-offs grounded in earlier restore results.,sources.html#topic-031,https://docs.cloud.google.com/architecture/dr-scenarios,no
90,topic-02,DR patterns,"DR patterns: backup and restore, pilot light, warm standby, hot standby / active-active",31,topic-02-overview,topic-02-technical,topic-02-problem,topic-02-lab,A DR ADR with cost and recovery trade-offs grounded in earlier restore results.,sources.html#topic-031,https://docs.cloud.google.com/architecture/dr-scenarios,no
90,topic-03,Cost vs RTO/RPO trade-off for each pattern,Cost vs RTO/RPO trade-off for each pattern,31,topic-03-overview,topic-03-technical,topic-03-problem,topic-03-lab,A DR ADR with cost and recovery trade-offs grounded in earlier restore results.,sources.html#topic-031,https://docs.cloud.google.com/architecture/dr-scenarios,no
91,topic-01,"Cold, warm and hot DR sites in hybrid setups","Cold, warm and hot DR sites in hybrid setups",31,topic-01-overview,topic-01-technical,topic-01-problem,topic-01-lab,A recovery-point report distinguishing synchronous/asynchronous replication from backup retention.,sources.html#topic-031,https://docs.cloud.google.com/architecture/dr-scenarios,no
91,topic-02,Backup strategies,"Backup strategies: snapshots, database backups, PITR, object versioning, cross-region copies, immutable backups",31,topic-02-overview,topic-02-technical,topic-02-problem,topic-02-lab,A recovery-point report distinguishing synchronous/asynchronous replication from backup retention.,sources.html#topic-031,https://docs.cloud.google.com/backup-disaster-recovery/docs,no
91,topic-03,Backup and DR Service,Backup and DR Service,31,topic-03-overview,topic-03-technical,topic-03-problem,topic-03-lab,A recovery-point report distinguishing synchronous/asynchronous replication from backup retention.,sources.html#topic-031,https://docs.cloud.google.com/backup-disaster-recovery/docs,no
91,topic-04,Data replication,Data replication: synchronous vs asynchronous and their RPO consequences,31,topic-04-overview,topic-04-technical,topic-04-problem,topic-04-lab,A recovery-point report distinguishing synchronous/asynchronous replication from backup retention.,sources.html#topic-031,https://docs.cloud.google.com/architecture/dr-scenarios,no
92,topic-01,"Failover and failback procedures, DNS TTL considerations","Failover and failback procedures, DNS TTL considerations","31,83",topic-01-overview,topic-01-technical,topic-01-problem,topic-01-lab,"An executable runbook with abort criteria, owner and consistency checks.",sources.html#topic-031,https://docs.cloud.google.com/architecture/dr-scenarios,no
92,topic-02,DR testing,"DR testing: tabletop exercises, game days, full failover drills","31,83",topic-02-overview,topic-02-technical,topic-02-problem,topic-02-lab,"An executable runbook with abort criteria, owner and consistency checks.",sources.html#topic-031,https://docs.cloud.google.com/architecture/dr-scenarios,no
92,topic-03,Verify quota scope and available failover capacity,Verify quota scope and available failover capacity,"31,83",topic-03-overview,topic-03-technical,topic-03-problem,topic-03-lab,"An executable runbook with abort criteria, owner and consistency checks.",sources.html#topic-031,https://docs.cloud.google.com/architecture/dr-scenarios,no
92,topic-04,Rate-limiting and graceful degradation during regional brownouts,rate-limiting and graceful degradation during regional brownouts,"31,83",topic-04-overview,topic-04-technical,topic-04-problem,topic-04-lab,"An executable runbook with abort criteria, owner and consistency checks.",sources.html#topic-031,https://docs.cloud.google.com/architecture/dr-scenarios,no
92,topic-05,Runbooks and playbooks,Runbooks and playbooks,"31,83",topic-05-overview,topic-05-technical,topic-05-problem,topic-05-lab,"An executable runbook with abort criteria, owner and consistency checks.",sources.html#topic-031,https://docs.cloud.google.com/architecture/dr-scenarios,no
93,topic-01,Cloud Monitoring,"Cloud Monitoring: metrics, dashboards, metrics scopes (multi-project monitoring), custom metrics, Managed Service for Prometheus",32,topic-01-overview,topic-01-technical,topic-01-problem,topic-01-lab,A dashboard/metric definition and a correctly calculated burn-rate alert example.,sources.html#topic-032,https://docs.cloud.google.com/monitoring/docs,no
93,topic-02,Alerting policies,"Alerting policies: conditions, notification channels, incident lifecycle, alert fatigue, SLO-based burn-rate alerts",32,topic-02-overview,topic-02-technical,topic-02-problem,topic-02-lab,A dashboard/metric definition and a correctly calculated burn-rate alert example.,sources.html#topic-032,https://docs.cloud.google.com/monitoring/docs,no
93,topic-03,Uptime checks and synthetic monitoring,Uptime checks and synthetic monitoring,32,topic-03-overview,topic-03-technical,topic-03-problem,topic-03-lab,A dashboard/metric definition and a correctly calculated burn-rate alert example.,sources.html#topic-032,https://docs.cloud.google.com/monitoring/docs,no
94,topic-01,Cloud Logging,"Cloud Logging: log buckets, log router, sinks (to BigQuery, Storage, Pub/Sub), exclusions, log-based metrics, retention, Log Analytics",32,topic-01-overview,topic-01-technical,topic-01-problem,topic-01-lab,"A redacted diagnosis with timestamps, causal hypothesis and telemetry limitations.",sources.html#topic-032,https://docs.cloud.google.com/logging/docs,no
94,topic-02,"Cloud Trace, Cloud Profiler, Error Reporting","Cloud Trace, Cloud Profiler, Error Reporting",32,topic-02-overview,topic-02-technical,topic-02-problem,topic-02-lab,"A redacted diagnosis with timestamps, causal hypothesis and telemetry limitations.",sources.html#topic-032,https://docs.cloud.google.com/monitoring/docs,no
94,topic-03,OpenTelemetry instrumentation,OpenTelemetry instrumentation,32,topic-03-overview,topic-03-technical,topic-03-problem,topic-03-lab,"A redacted diagnosis with timestamps, causal hypothesis and telemetry limitations.",sources.html#topic-032,https://opentelemetry.io/docs/,no
95,topic-01,Ops Agent on VMs,Ops Agent on VMs,32,topic-01-overview,topic-01-technical,topic-01-problem,topic-01-lab,A telemetry ownership/retention plan and one query that identifies an authorization change.,sources.html#topic-032,https://docs.cloud.google.com/monitoring/docs,no
95,topic-02,Centralised logging design across projects and organisation-level aggregated sinks,Centralised logging design across projects and organisation-level aggregated sinks,32,topic-02-overview,topic-02-technical,topic-02-problem,topic-02-lab,A telemetry ownership/retention plan and one query that identifies an authorization change.,sources.html#topic-032,https://docs.cloud.google.com/logging/docs,no
95,topic-03,Audit log types,"Audit log types: Admin Activity, Data Access, System Event, Policy Denied",32,topic-03-overview,topic-03-technical,topic-03-problem,topic-03-lab,A telemetry ownership/retention plan and one query that identifies an authorization change.,sources.html#topic-032,https://docs.cloud.google.com/monitoring/docs,no
96,topic-01,Load and stress testing (tools,"Load and stress testing (tools: k6, Locust, JMeter)",33,topic-01-overview,topic-01-technical,topic-01-problem,topic-01-lab,An approved-for-lab experiment sheet; each experiment names expected signals and a preserved invariant.,sources.html#topic-033,https://sre.google/sre-book/testing-reliability/,no
96,topic-02,"Chaos engineering and fault injection (kill instances, block a zone, add latency)","Chaos engineering and fault injection (kill instances, block a zone, add latency)",33,topic-02-overview,topic-02-technical,topic-02-problem,topic-02-lab,An approved-for-lab experiment sheet; each experiment names expected signals and a preserved invariant.,sources.html#topic-033,https://sre.google/sre-book/testing-reliability/,no
96,topic-03,Canary and blue/green deployments,Canary and blue/green deployments,33,topic-03-overview,topic-03-technical,topic-03-problem,topic-03-lab,An approved-for-lab experiment sheet; each experiment names expected signals and a preserved invariant.,sources.html#topic-033,https://sre.google/sre-book/testing-reliability/,no
96,topic-04,Game days and DR drills,Game days and DR drills,33,topic-04-overview,topic-04-technical,topic-04-problem,topic-04-lab,An approved-for-lab experiment sheet; each experiment names expected signals and a preserved invariant.,sources.html#topic-033,https://sre.google/sre-book/testing-reliability/,no
97,topic-01,Performance baseline and regression analysis,Performance baseline and regression analysis,33,topic-01-overview,topic-01-technical,topic-01-problem,topic-01-lab,Before/during/after evidence and a revised capacity/recovery model with simulation limits.,sources.html#topic-033,https://sre.google/sre-book/testing-reliability/,no
97,topic-02,Apply the experiment plan to one bounded service failure or overload condition,apply the experiment plan to one bounded service failure or overload condition. Reuse a MIG autohealing example where available,33,topic-02-overview,topic-02-technical,topic-02-problem,topic-02-lab,Before/during/after evidence and a revised capacity/recovery model with simulation limits.,sources.html#topic-033,https://sre.google/sre-book/testing-reliability/,no
97,topic-03,Use a supplied trace or tabletop for unavailable zonal failure tests and label the limits,use a supplied trace or tabletop for unavailable zonal failure tests and label the limits.,33,topic-03-overview,topic-03-technical,topic-03-problem,topic-03-lab,Before/during/after evidence and a revised capacity/recovery model with simulation limits.,sources.html#topic-033,https://sre.google/sre-book/testing-reliability/,no
98,topic-01,Recovery acceptance after backup restore or replica promotion,Recovery acceptance after backup restore or replica promotion,33,topic-01-overview,topic-01-technical,topic-01-problem,topic-01-lab,"Measured lab recovery time and data loss, a tested runbook and an explicit distinction from production RTO/RPO.",sources.html#topic-033,https://sre.google/sre-book/testing-reliability/,no
98,topic-02,"Verify data invariants, recovery time, loss and alert behavior","verify data invariants, recovery time, loss and alert behavior. Compare Cloud SQL regional HA and cross-region promotion as separate scenarios",33,topic-02-overview,topic-02-technical,topic-02-problem,topic-02-lab,"Measured lab recovery time and data loss, a tested runbook and an explicit distinction from production RTO/RPO.",sources.html#topic-033,https://sre.google/sre-book/testing-reliability/,no
98,topic-03,Execute one representative recovery path and explain the alternative,execute one representative recovery path and explain the alternative.,33,topic-03-overview,topic-03-technical,topic-03-problem,topic-03-lab,"Measured lab recovery time and data loss, a tested runbook and an explicit distinction from production RTO/RPO.",sources.html#topic-033,https://sre.google/sre-book/testing-reliability/,no
99,topic-01,"Least privilege, separation of duties, need-to-know","Least privilege, separation of duties, need-to-know",34,topic-01-overview,topic-01-technical,topic-01-problem,topic-01-lab,An authorization decision matrix and a corrected excessive grant.,sources.html#topic-034,https://docs.cloud.google.com/iam/docs/workload-identity-federation,no
99,topic-02,Predefined vs custom roles,Predefined vs custom roles,34,topic-02-overview,topic-02-technical,topic-02-problem,topic-02-lab,An authorization decision matrix and a corrected excessive grant.,sources.html#topic-034,https://docs.cloud.google.com/iam/docs/workload-identity-federation,no
99,topic-03,IAM Recommender for right-sizing permissions,IAM Recommender for right-sizing permissions,34,topic-03-overview,topic-03-technical,topic-03-problem,topic-03-lab,An authorization decision matrix and a corrected excessive grant.,sources.html#topic-034,https://docs.cloud.google.com/iam/docs/workload-identity-federation,no
99,topic-04,"IAM Conditions (time, resource, attribute-based)","IAM Conditions (time, resource, attribute-based)",34,topic-04-overview,topic-04-technical,topic-04-problem,topic-04-lab,An authorization decision matrix and a corrected excessive grant.,sources.html#topic-034,https://docs.cloud.google.com/iam/docs/workload-identity-federation,no
99,topic-05,IAM Deny policies and Principal Access Boundaries,IAM Deny policies and Principal Access Boundaries,34,topic-05-overview,topic-05-technical,topic-05-problem,topic-05-lab,An authorization decision matrix and a corrected excessive grant.,sources.html#topic-034,https://docs.cloud.google.com/iam/docs/principal-access-boundary-policies,no
100,topic-01,"Organization Policy constraints (disable service account key creation, restrict resource…","Organization Policy constraints (disable service account key creation, restrict resource locations, restrict external IPs, require OS Login, domain-restricted sharing)",34,topic-01-overview,topic-01-technical,topic-01-problem,topic-01-lab,A trust-boundary diagram with allowed/denied claims and no long-lived key requirement.,sources.html#topic-034,https://docs.cloud.google.com/iam/docs/workload-identity-federation,no
100,topic-02,Service account best practices,"Service account best practices: one per workload, no keys, short-lived credentials, impersonation, service account token creator role",34,topic-02-overview,topic-02-technical,topic-02-problem,topic-02-lab,A trust-boundary diagram with allowed/denied claims and no long-lived key requirement.,sources.html#topic-034,https://docs.cloud.google.com/iam/docs/workload-identity-federation,no
100,topic-03,"Workload Identity Federation (for external workloads like AWS, GitHub Actions, on-prem)","Workload Identity Federation (for external workloads like AWS, GitHub Actions, on-prem)",34,topic-03-overview,topic-03-technical,topic-03-problem,topic-03-lab,A trust-boundary diagram with allowed/denied claims and no long-lived key requirement.,sources.html#topic-034,https://docs.cloud.google.com/iam/docs/workload-identity-federation,no
101,topic-01,Workforce Identity Federation (external IdPs for employees),Workforce Identity Federation (external IdPs for employees),34,topic-01-overview,topic-01-technical,topic-01-problem,topic-01-lab,"A human-access design with group membership, session and emergency-access assumptions.",sources.html#topic-034,https://docs.cloud.google.com/iam/docs/workload-identity-federation,no
101,topic-02,Cloud Identity,"Cloud Identity: SSO, SAML, 2-Step Verification, context-aware access",34,topic-02-overview,topic-02-technical,topic-02-problem,topic-02-lab,"A human-access design with group membership, session and emergency-access assumptions.",sources.html#topic-034,https://docs.cloud.google.com/iam/docs/workload-identity-federation,no
101,topic-03,Identity-Aware Proxy (IAP) for zero-trust access to apps and TCP forwarding to VMs,Identity-Aware Proxy (IAP) for zero-trust access to apps and TCP forwarding to VMs,34,topic-03-overview,topic-03-technical,topic-03-problem,topic-03-lab,"A human-access design with group membership, session and emergency-access assumptions.",sources.html#topic-034,https://docs.cloud.google.com/iam/docs/principal-access-boundary-policies,no
102,topic-01,BeyondCorp / zero trust model,BeyondCorp / zero trust model,34,topic-01-overview,topic-01-technical,topic-01-problem,topic-01-lab,"A time-bounded elevation and break-glass runbook with audit, revocation and accountable owner.",sources.html#topic-034,https://docs.cloud.google.com/iam/docs/workload-identity-federation,no
102,topic-02,Privileged Access Manager (just-in-time elevation),Privileged Access Manager (just-in-time elevation),34,topic-02-overview,topic-02-technical,topic-02-problem,topic-02-lab,"A time-bounded elevation and break-glass runbook with audit, revocation and accountable owner.",sources.html#topic-034,https://docs.cloud.google.com/iam/docs/pam-overview,no
102,topic-03,Break-glass accounts,Break-glass accounts,34,topic-03-overview,topic-03-technical,topic-03-problem,topic-03-lab,"A time-bounded elevation and break-glass runbook with audit, revocation and accountable owner.",sources.html#topic-034,https://docs.cloud.google.com/iam/docs/workload-identity-federation,no
102,topic-04,Access Transparency and Access Approval,Access Transparency and Access Approval,34,topic-04-overview,topic-04-technical,topic-04-problem,topic-04-lab,"A time-bounded elevation and break-glass runbook with audit, revocation and accountable owner.",sources.html#topic-034,https://docs.cloud.google.com/iam/docs/principal-access-boundary-policies,no
103,topic-01,Defence in depth layering,Defence in depth layering,35,topic-01-overview,topic-01-technical,topic-01-problem,topic-01-lab,A threat/control matrix with false-positive and bypass considerations.,sources.html#topic-035,https://docs.cloud.google.com/vpc-service-controls/docs/overview,no
103,topic-02,Firewall design patterns,"Firewall design patterns: tag/service-account-based rules, deny-by-default, hierarchical policies",35,topic-02-overview,topic-02-technical,topic-02-problem,topic-02-lab,A threat/control matrix with false-positive and bypass considerations.,sources.html#topic-035,https://docs.cloud.google.com/vpc-service-controls/docs/overview,no
103,topic-03,Cloud Armor,"Cloud Armor: preconfigured WAF rules (OWASP top 10), bot management, DDoS protection tiers, rate limiting",35,topic-03-overview,topic-03-technical,topic-03-problem,topic-03-lab,A threat/control matrix with false-positive and bypass considerations.,sources.html#topic-035,https://docs.cloud.google.com/armor/docs/overview,no
103,topic-04,Private connectivity,"Private connectivity: no public IPs, Private Google Access, Private Service Connect, private GKE clusters",35,topic-04-overview,topic-04-technical,topic-04-problem,topic-04-lab,A threat/control matrix with false-positive and bypass considerations.,sources.html#topic-035,https://docs.cloud.google.com/vpc-service-controls/docs/overview,no
104,topic-01,VPC Service Controls,"VPC Service Controls: service perimeters, access levels, ingress/egress rules, dry-run mode (data exfiltration prevention)",35,topic-01-overview,topic-01-technical,topic-01-problem,topic-01-lab,An exfiltration-path diagram and a staged enforcement plan with rollback.,sources.html#topic-035,https://docs.cloud.google.com/vpc-service-controls/docs/overview,no
104,topic-02,Cloud NGFW and Cloud IDS (intrusion detection),Cloud NGFW and Cloud IDS (intrusion detection),35,topic-02-overview,topic-02-technical,topic-02-problem,topic-02-lab,An exfiltration-path diagram and a staged enforcement plan with rollback.,sources.html#topic-035,https://docs.cloud.google.com/firewall/docs,no
104,topic-03,Secure Web Proxy,Secure Web Proxy,35,topic-03-overview,topic-03-technical,topic-03-problem,topic-03-lab,An exfiltration-path diagram and a staged enforcement plan with rollback.,sources.html#topic-035,https://docs.cloud.google.com/vpc-service-controls/docs/overview,no
105,topic-01,TLS everywhere,"TLS everywhere: managed certificates, mTLS, Certificate Authority Service",35,topic-01-overview,topic-01-technical,topic-01-problem,topic-01-lab,"A rotation trace and ownership matrix explaining mTLS, DNSSEC and link versus end-to-end protection.",sources.html#topic-035,https://docs.cloud.google.com/vpc-service-controls/docs/overview,no
105,topic-02,Secure hybrid connectivity,"Secure hybrid connectivity: MACsec for Interconnect, HA VPN encryption",35,topic-02-overview,topic-02-technical,topic-02-problem,topic-02-lab,"A rotation trace and ownership matrix explaining mTLS, DNSSEC and link versus end-to-end protection.",sources.html#topic-035,https://docs.cloud.google.com/vpc-service-controls/docs/overview,no
105,topic-03,Bastion patterns vs IAP TCP forwarding,Bastion patterns vs IAP TCP forwarding,35,topic-03-overview,topic-03-technical,topic-03-problem,topic-03-lab,"A rotation trace and ownership matrix explaining mTLS, DNSSEC and link versus end-to-end protection.",sources.html#topic-035,https://docs.cloud.google.com/vpc-service-controls/docs/overview,no
105,topic-04,"DNS security (DNSSEC, DNS logging)","DNS security (DNSSEC, DNS logging)",35,topic-04-overview,topic-04-technical,topic-04-problem,topic-04-lab,"A rotation trace and ownership matrix explaining mTLS, DNSSEC and link versus end-to-end protection.",sources.html#topic-035,https://docs.cloud.google.com/vpc-service-controls/docs/overview,no
106,topic-01,"Data classification (public, internal, confidential, restricted)","Data classification (public, internal, confidential, restricted)",36,topic-01-overview,topic-01-technical,topic-01-problem,topic-01-lab,"A key lifecycle diagram with access, recovery and destruction safeguards; no irreversible destruction exercise.",sources.html#topic-036,https://docs.cloud.google.com/sensitive-data-protection/docs,no
106,topic-02,"Encryption at rest (default Google-managed), CMEK (Cloud KMS), CSEK, external key manager…","Encryption at rest (default Google-managed), CMEK (Cloud KMS), CSEK, external key manager (Cloud EKM)",36,topic-02-overview,topic-02-technical,topic-02-problem,topic-02-lab,"A key lifecycle diagram with access, recovery and destruction safeguards; no irreversible destruction exercise.",sources.html#topic-036,https://docs.cloud.google.com/kms/docs,no
106,topic-03,Encryption in transit and application-layer encryption,Encryption in transit and application-layer encryption,36,topic-03-overview,topic-03-technical,topic-03-problem,topic-03-lab,"A key lifecycle diagram with access, recovery and destruction safeguards; no irreversible destruction exercise.",sources.html#topic-036,https://docs.cloud.google.com/kms/docs,no
106,topic-04,Cloud KMS,"Cloud KMS: key rings, keys, versions, rotation, protection levels (software, HSM, external), key destruction",36,topic-04-overview,topic-04-technical,topic-04-problem,topic-04-lab,"A key lifecycle diagram with access, recovery and destruction safeguards; no irreversible destruction exercise.",sources.html#topic-036,https://docs.cloud.google.com/kms/docs,no
107,topic-01,Cloud HSM,Cloud HSM,36,topic-01-overview,topic-01-technical,topic-01-problem,topic-01-lab,A rotation/revocation trace and before/after sanitized records without credentials in evidence.,sources.html#topic-036,https://docs.cloud.google.com/kms/docs,no
107,topic-02,Secret Manager,"Secret Manager: versions, rotation, access control, replication policy",36,topic-02-overview,topic-02-technical,topic-02-problem,topic-02-lab,A rotation/revocation trace and before/after sanitized records without credentials in evidence.,sources.html#topic-036,https://docs.cloud.google.com/secret-manager/docs,no
107,topic-03,Sensitive Data Protection (Cloud DLP),"Sensitive Data Protection (Cloud DLP): inspection, de-identification, tokenisation, masking",36,topic-03-overview,topic-03-technical,topic-03-problem,topic-03-lab,A rotation/revocation trace and before/after sanitized records without credentials in evidence.,sources.html#topic-036,https://docs.cloud.google.com/sensitive-data-protection/docs,no
108,topic-01,"Confidential computing, resource location constraints, Assured Workloads and data…","Confidential computing, resource location constraints, Assured Workloads and data sovereignty boundaries. Map retention/deletion/holds and column/row access with a synthetic local dataset","36,51",topic-01-overview,topic-01-technical,topic-01-problem,topic-01-lab,A data location/access matrix with deletion paths and limits of confidential-computing protection.,sources.html#topic-036,https://docs.cloud.google.com/sensitive-data-protection/docs,no
108,topic-02,BigQuery enforcement is exercised in the data block on Day 135,BigQuery enforcement is exercised in the data block on Day 135.,"36,51",topic-02-overview,topic-02-technical,topic-02-problem,topic-02-lab,A data location/access matrix with deletion paths and limits of confidential-computing protection.,sources.html#topic-036,https://docs.cloud.google.com/sensitive-data-protection/docs,no
109,topic-01,Shared responsibility for compliance (Google's certifications do not make your workload…,Shared responsibility for compliance (Google's certifications do not make your workload compliant automatically),37,topic-01-overview,topic-01-technical,topic-01-problem,topic-01-lab,A control/evidence register that distinguishes provider certifications from workload obligations.,sources.html#topic-037,https://cloud.google.com/security/compliance,no
109,topic-02,Standards to know at a conceptual level,"Standards to know at a conceptual level: ISO 27001, SOC 1/2/3, PCI-DSS, HIPAA, GDPR, FedRAMP, NIST, CIS benchmarks, HITRUST",37,topic-02-overview,topic-02-technical,topic-02-problem,topic-02-lab,A control/evidence register that distinguishes provider certifications from workload obligations.,sources.html#topic-037,https://cloud.google.com/security/compliance,no
109,topic-03,Compliance resource centre and compliance reports manager,Compliance resource centre and compliance reports manager,37,topic-03-overview,topic-03-technical,topic-03-problem,topic-03-lab,A control/evidence register that distinguishes provider certifications from workload obligations.,sources.html#topic-037,https://cloud.google.com/security/compliance,no
110,topic-01,Assured Workloads (compliance regimes as guardrails),Assured Workloads (compliance regimes as guardrails),37,topic-01-overview,topic-01-technical,topic-01-problem,topic-01-lab,A versioned policy test and audit-retention design with an exception owner.,sources.html#topic-037,https://docs.cloud.google.com/assured-workloads/docs,no
110,topic-02,Audit logging design,"Audit logging design: Admin Activity (always on), Data Access (enable selectively), log retention, log integrity, sinks to locked buckets",37,topic-02-overview,topic-02-technical,topic-02-problem,topic-02-lab,A versioned policy test and audit-retention design with an exception owner.,sources.html#topic-037,https://docs.cloud.google.com/logging/docs/audit,no
110,topic-03,Policy as code,"Policy as code: Organization Policy, Config Controller, Policy Controller (OPA/Gatekeeper), Terraform Sentinel-style checks",37,topic-03-overview,topic-03-technical,topic-03-problem,topic-03-lab,A versioned policy test and audit-retention design with an exception owner.,sources.html#topic-037,https://cloud.google.com/security/compliance,no
110,topic-04,Data protection regulations,"Data protection regulations: right to erasure, data minimisation, breach notification, DPA and SCCs",37,topic-04-overview,topic-04-technical,topic-04-problem,topic-04-lab,A versioned policy test and audit-retention design with an exception owner.,sources.html#topic-037,https://cloud.google.com/security/compliance,no
111,topic-01,PCI-DSS design,"PCI-DSS design: cardholder data environment isolation, tokenisation, segmentation",37,topic-01-overview,topic-01-technical,topic-01-problem,topic-01-lab,A regulated-workload ADR and evidence gaps for a qualified compliance review; no claim of legal certification.,sources.html#topic-037,https://cloud.google.com/security/compliance,no
111,topic-02,HIPAA design,"HIPAA design: BAA, PHI handling, audit controls",37,topic-02-overview,topic-02-technical,topic-02-problem,topic-02-lab,A regulated-workload ADR and evidence gaps for a qualified compliance review; no claim of legal certification.,sources.html#topic-037,https://cloud.google.com/security/compliance,no
111,topic-03,Vendor and third-party risk basics,Vendor and third-party risk basics,37,topic-03-overview,topic-03-technical,topic-03-problem,topic-03-lab,A regulated-workload ADR and evidence gaps for a qualified compliance review; no claim of legal certification.,sources.html#topic-037,https://cloud.google.com/security/compliance,no
112,topic-01,"Security Command Center (Standard vs Premium vs Enterprise): findings, misconfiguration…","Security Command Center (Standard vs Premium vs Enterprise): findings, misconfiguration detection, threat detection, attack path simulation",38,topic-01-overview,topic-01-technical,topic-01-problem,topic-01-lab,A finding-to-incident record with evidence preserved and false-positive checks.,sources.html#topic-038,https://docs.cloud.google.com/security-command-center/docs,no
112,topic-02,Google SecOps (Chronicle SIEM & SOAR architecture),Google SecOps (Chronicle SIEM & SOAR architecture),38,topic-02-overview,topic-02-technical,topic-02-problem,topic-02-lab,A finding-to-incident record with evidence preserved and false-positive checks.,sources.html#topic-038,https://docs.cloud.google.com/chronicle/docs,no
112,topic-03,Mandiant Threat Intelligence integration,Mandiant Threat Intelligence integration,38,topic-03-overview,topic-03-technical,topic-03-problem,topic-03-lab,A finding-to-incident record with evidence preserved and false-positive checks.,sources.html#topic-038,https://docs.cloud.google.com/security-command-center/docs,no
112,topic-04,"Event Threat Detection, Container Threat Detection, Web Security Scanner","Event Threat Detection, Container Threat Detection, Web Security Scanner",38,topic-04-overview,topic-04-technical,topic-04-problem,topic-04-lab,A finding-to-incident record with evidence preserved and false-positive checks.,sources.html#topic-038,https://docs.cloud.google.com/security-command-center/docs,no
112,topic-05,Vulnerability management,"Vulnerability management: OS patch management, Artifact Analysis, GKE security posture",38,topic-05-overview,topic-05-technical,topic-05-problem,topic-05-lab,A finding-to-incident record with evidence preserved and false-positive checks.,sources.html#topic-038,https://docs.cloud.google.com/security-command-center/docs,no
113,topic-01,Incident response process,"Incident response process: detect, contain, eradicate, recover, learn",38,topic-01-overview,topic-01-technical,topic-01-problem,topic-01-lab,"A threat model, incident timeline and owners for the highest residual risks.",sources.html#topic-038,https://docs.cloud.google.com/security-command-center/docs,no
113,topic-02,Forensics basics,"Forensics basics: snapshots, log preservation, evidence handling",38,topic-02-overview,topic-02-technical,topic-02-problem,topic-02-lab,"A threat model, incident timeline and owners for the highest residual risks.",sources.html#topic-038,https://docs.cloud.google.com/security-command-center/docs,no
113,topic-03,Threat modelling (STRIDE) on your own architecture,Threat modelling (STRIDE) on your own architecture,38,topic-03-overview,topic-03-technical,topic-03-problem,topic-03-lab,"A threat model, incident timeline and owners for the highest residual risks.",sources.html#topic-038,https://docs.cloud.google.com/security-command-center/docs,no
113,topic-04,Penetration testing rules on GCP,Penetration testing rules on GCP,38,topic-04-overview,topic-04-technical,topic-04-problem,topic-04-lab,"A threat model, incident timeline and owners for the highest residual risks.",sources.html#topic-038,https://docs.cloud.google.com/security-command-center/docs,no
114,topic-01,Secure SDLC and shift-left security,Secure SDLC and shift-left security,39,topic-01-overview,topic-01-technical,topic-01-problem,topic-01-lab,"An artifact digest, findings triage and accept/reject decision with an exception procedure.",sources.html#topic-039,https://docs.cloud.google.com/binary-authorization/docs,no
114,topic-02,Artifact Registry with vulnerability scanning,Artifact Registry with vulnerability scanning,39,topic-02-overview,topic-02-technical,topic-02-problem,topic-02-lab,"An artifact digest, findings triage and accept/reject decision with an exception procedure.",sources.html#topic-039,https://docs.cloud.google.com/artifact-analysis/docs,no
114,topic-03,Binary Authorization and attestations,Binary Authorization and attestations,39,topic-03-overview,topic-03-technical,topic-03-problem,topic-03-lab,"An artifact digest, findings triage and accept/reject decision with an exception procedure.",sources.html#topic-039,https://docs.cloud.google.com/binary-authorization/docs,no
115,topic-01,"SLSA levels, software supply chain concepts, SBOMs","SLSA levels, software supply chain concepts, SBOMs",39,topic-01-overview,topic-01-technical,topic-01-problem,topic-01-lab,"A hardened manifest/image diff and explanation of SBOM, provenance and remaining runtime risks.",sources.html#topic-039,https://slsa.dev/spec/,no
115,topic-02,Secrets in CI/CD (never in code or images),Secrets in CI/CD (never in code or images),39,topic-02-overview,topic-02-technical,topic-02-problem,topic-02-lab,"A hardened manifest/image diff and explanation of SBOM, provenance and remaining runtime risks.",sources.html#topic-039,https://docs.cloud.google.com/binary-authorization/docs,no
115,topic-03,"Container hardening (distroless images, non-root users, read-only filesystems)","Container hardening (distroless images, non-root users, read-only filesystems)",39,topic-03-overview,topic-03-technical,topic-03-problem,topic-03-lab,"A hardened manifest/image diff and explanation of SBOM, provenance and remaining runtime risks.",sources.html#topic-039,https://docs.cloud.google.com/binary-authorization/docs,no
116,topic-01,Integrate controls already studied,"Integrate controls already studied: no-public-IP access, IAP, private API access, policy guardrails, perimeter dry-run and CMEK rotation. Validate the existing example end to end",39,topic-01-overview,topic-01-technical,topic-01-problem,topic-01-lab,"An integrated security trace and a list of inconsistencies repaired across identity, network and data controls.",sources.html#topic-039,https://docs.cloud.google.com/binary-authorization/docs,no
117,topic-01,"Consolidate synthetic-data de-identification, aggregate-log design, IAM-change alerts and…","Consolidate synthetic-data de-identification, aggregate-log design, IAM-change alerts and threat-model evidence from earlier days. Repair one missing control test and prepare the regulated-workload handover.",39,topic-01-overview,topic-01-technical,topic-01-problem,topic-01-lab,"A security evidence index, supported claims and unresolved risks with owners.",sources.html#topic-039,https://docs.cloud.google.com/binary-authorization/docs,no
118,topic-01,Prerequisite review and remediation,Prerequisite review and remediation,69,topic-01-overview,topic-01-technical,topic-01-problem,topic-01-lab,"A scored G5 decision; failed access isolation, recovery or correctness must be repaired before passing.",sources.html#topic-069,https://services.google.com/fh/files/misc/professional_cloud_architect_exam_guide_english.pdf,no
118,topic-02,Use the matching gate criteria in the Gates section,use the matching gate criteria in the Gates section. Do not introduce new services or concepts on a checkpoint day.,69,topic-02-overview,topic-02-technical,topic-02-problem,topic-02-lab,"A scored G5 decision; failed access isolation, recovery or correctness must be repaired before passing.",sources.html#topic-069,https://services.google.com/fh/files/misc/professional_cloud_architect_exam_guide_english.pdf,no
119,topic-01,FinOps principles,"FinOps principles: inform, optimise, operate",40,topic-01-overview,topic-01-technical,topic-01-problem,topic-01-lab,"A dated cost model with fixed/variable costs, utilization uncertainty and commitment risk.",sources.html#topic-040,https://www.finops.org/framework/,no
119,topic-02,Showback vs chargeback,showback vs chargeback,40,topic-02-overview,topic-02-technical,topic-02-problem,topic-02-lab,"A dated cost model with fixed/variable costs, utilization uncertainty and commitment risk.",sources.html#topic-040,https://docs.cloud.google.com/architecture/framework/cost-optimization,no
119,topic-03,Cost visibility,"Cost visibility: labels, billing export to BigQuery, Looker Studio dashboards, budgets and alerts, anomaly detection",40,topic-03-overview,topic-03-technical,topic-03-problem,topic-03-lab,"A dated cost model with fixed/variable costs, utilization uncertainty and commitment risk.",sources.html#topic-040,https://docs.cloud.google.com/architecture/framework/cost-optimization,no
119,topic-04,Compute savings,"Compute savings: rightsizing recommendations, idle resource recommender, Spot VMs for fault-tolerant workloads, committed use discounts (resource-based vs spend-based/flexible), sustained use discounts, scheduling start/stop for non-prod",40,topic-04-overview,topic-04-technical,topic-04-problem,topic-04-lab,"A dated cost model with fixed/variable costs, utilization uncertainty and commitment risk.",sources.html#topic-040,https://docs.cloud.google.com/architecture/framework/cost-optimization,no
120,topic-01,Storage savings,"Storage savings: storage class selection, lifecycle rules, Autoclass, deleting orphaned disks and snapshots",40,topic-01-overview,topic-01-technical,topic-01-problem,topic-01-lab,A savings proposal with performance/recovery consequences and no double-counted savings.,sources.html#topic-040,https://docs.cloud.google.com/architecture/framework/cost-optimization,no
120,topic-02,Network savings,"Network savings: egress costs (inter-region, internet, inter-zone), CDN offload, Premium vs Standard tier, keeping traffic in-region",40,topic-02-overview,topic-02-technical,topic-02-problem,topic-02-lab,A savings proposal with performance/recovery consequences and no double-counted savings.,sources.html#topic-040,https://docs.cloud.google.com/architecture/framework/cost-optimization,no
120,topic-03,Database savings,"Database savings: rightsizing, committed use for Cloud SQL, Spanner processing units instead of nodes, Bigtable autoscaling",40,topic-03-overview,topic-03-technical,topic-03-problem,topic-03-lab,A savings proposal with performance/recovery consequences and no double-counted savings.,sources.html#topic-040,https://docs.cloud.google.com/architecture/framework/cost-optimization,no
121,topic-01,"Runtime utilization, scale-to-zero/concurrency, cluster packing and autoscaling cost drivers","Runtime utilization, scale-to-zero/concurrency, cluster packing and autoscaling cost drivers. Introduce query bytes scanned, partition pruning and capacity pricing using supplied examples before the BigQuery lab","40,51,77",topic-01-overview,topic-01-technical,topic-01-problem,topic-01-lab,A cost-driver worksheet and explicit estimates to validate in the later BigQuery lab.,sources.html#topic-040,https://docs.cloud.google.com/architecture/framework/cost-optimization,no
121,topic-02,Review Carbon Footprint boundaries and low-carbon placement assumptions,review Carbon Footprint boundaries and low-carbon placement assumptions.,"40,51,77",topic-02-overview,topic-02-technical,topic-02-problem,topic-02-lab,A cost-driver worksheet and explicit estimates to validate in the later BigQuery lab.,sources.html#topic-077,https://docs.cloud.google.com/carbon-footprint/docs,no
122,topic-01,Pricing Calculator,Pricing Calculator: build a full estimate for every design,40,topic-01-overview,topic-01-technical,topic-01-problem,topic-01-lab,A low/base/high unit-cost model and a defensible optimization priority.,sources.html#topic-040,https://docs.cloud.google.com/architecture/framework/cost-optimization,no
122,topic-02,"Unit economics (cost per user, per transaction, per request)","Unit economics (cost per user, per transaction, per request)",40,topic-02-overview,topic-02-technical,topic-02-problem,topic-02-lab,A low/base/high unit-cost model and a defensible optimization priority.,sources.html#topic-040,https://docs.cloud.google.com/architecture/framework/cost-optimization,no
122,topic-03,Cost vs reliability trade-off decisions,Cost vs reliability trade-off decisions,40,topic-03-overview,topic-03-technical,topic-03-problem,topic-03-lab,A low/base/high unit-cost model and a defensible optimization priority.,sources.html#topic-040,https://docs.cloud.google.com/architecture/framework/cost-optimization,no
123,topic-01,Diagnose caching as one possible bottleneck,"Diagnose caching as one possible bottleneck: cache-aside/write-through, TTL/invalidation, stale-data tolerance, hot keys and stampedes. Compare CDN, application cache, Memorystore and BI Engine at selection depth. Revisit CPU/memory/I/O evidence",41,topic-01-overview,topic-01-technical,topic-01-problem,topic-01-lab,"Latency/load results, cache-aside versus write-through comparison and an invalidation ADR.",sources.html#topic-041,https://docs.cloud.google.com/architecture/framework/performance-optimization,no
123,topic-02,Assisted diagnostics returns on Day 168,assisted diagnostics returns on Day 168.,41,topic-02-overview,topic-02-technical,topic-02-problem,topic-02-lab,"Latency/load results, cache-aside versus write-through comparison and an invalidation ADR.",sources.html#topic-041,https://docs.cloud.google.com/architecture/framework/performance-optimization,no
124,topic-01,Database performance,"Database performance: indexing, query plans, connection pooling, read replicas, sharding, Spanner schema and key design, Bigtable row key design",41,topic-01-overview,topic-01-technical,topic-01-problem,topic-01-lab,A controlled before/after report with unchanged correctness and workload assumptions.,sources.html#topic-041,https://docs.cloud.google.com/architecture/framework/performance-optimization,no
124,topic-02,Network performance,"Network performance: Premium tier, regional placement near users, HTTP/3, connection reuse, compression",41,topic-02-overview,topic-02-technical,topic-02-problem,topic-02-lab,A controlled before/after report with unchanged correctness and workload assumptions.,sources.html#topic-041,https://docs.cloud.google.com/architecture/framework/performance-optimization,no
124,topic-03,Disk performance selection (IOPS and throughput limits scale with size and vCPU count),Disk performance selection (IOPS and throughput limits scale with size and vCPU count),41,topic-03-overview,topic-03-technical,topic-03-problem,topic-03-lab,A controlled before/after report with unchanged correctness and workload assumptions.,sources.html#topic-041,https://docs.cloud.google.com/architecture/framework/performance-optimization,no
124,topic-04,"Asynchronous processing to smooth spikes (queues, Pub/Sub)","Asynchronous processing to smooth spikes (queues, Pub/Sub)",41,topic-04-overview,topic-04-technical,topic-04-problem,topic-04-lab,A controlled before/after report with unchanged correctness and workload assumptions.,sources.html#topic-041,https://docs.cloud.google.com/architecture/framework/performance-optimization,no
125,topic-01,Profiling with Cloud Profiler and Trace,Profiling with Cloud Profiler and Trace,"41,75",topic-01-overview,topic-01-technical,topic-01-problem,topic-01-lab,A bottleneck diagnosis and capacity recommendation separating measurements from projections.,sources.html#topic-041,https://docs.cloud.google.com/profiler/docs,no
125,topic-02,Load testing to size systems,Load testing to size systems,"41,75",topic-02-overview,topic-02-technical,topic-02-problem,topic-02-lab,A bottleneck diagnosis and capacity recommendation separating measurements from projections.,sources.html#topic-041,https://docs.cloud.google.com/architecture/framework/performance-optimization,no
125,topic-03,Right-sizing GPUs/TPUs for ML workloads,Right-sizing GPUs/TPUs for ML workloads,"41,75",topic-03-overview,topic-03-technical,topic-03-problem,topic-03-lab,A bottleneck diagnosis and capacity recommendation separating measurements from projections.,sources.html#topic-041,https://docs.cloud.google.com/architecture/framework/performance-optimization,no
126,topic-01,Terraform providers/resources/variables/outputs/modules and plan/apply,Terraform providers/resources/variables/outputs/modules and plan/apply,42,topic-01-overview,topic-01-technical,topic-01-problem,topic-01-lab,"Versioned IaC, plan/recreation evidence and an environment/state isolation diagram with sensitive values redacted.",sources.html#topic-042,https://docs.cloud.google.com/docs/terraform,no
126,topic-02,"State, environments, remote GCS locking/versioning/access, imports and version pinning","state, environments, remote GCS locking/versioning/access, imports and version pinning. Build one minimal module. Recognize Foundation Toolkit, Config Connector and Config Sync",42,topic-02-overview,topic-02-technical,topic-02-problem,topic-02-lab,"Versioned IaC, plan/recreation evidence and an environment/state isolation diagram with sensitive values redacted.",sources.html#topic-042,https://developer.hashicorp.com/terraform/language/backend/gcs,no
126,topic-03,Drift/recovery/testing follows on Day 127,drift/recovery/testing follows on Day 127.,42,topic-03-overview,topic-03-technical,topic-03-problem,topic-03-lab,"Versioned IaC, plan/recreation evidence and an environment/state isolation diagram with sensitive values redacted.",sources.html#topic-042,https://docs.cloud.google.com/docs/terraform,no
127,topic-01,"State recovery, drift reconciliation, safe import, validation, policy checks and Terraform…","State recovery, drift reconciliation, safe import, validation, policy checks and Terraform tests. Compare GitOps, Infrastructure Manager, Ansible/Packer and legacy Deployment Manager awareness without implementing each tool. Recover only disposable test state, never a shared production backend.",42,topic-01-overview,topic-01-technical,topic-01-problem,topic-01-lab,"A drift/recovery runbook, passing validation evidence and documented locking/versioning assumptions.",sources.html#topic-042,https://docs.cloud.google.com/docs/terraform,no
128,topic-01,Source,"Source: Cloud Source Repositories alternatives (GitHub, GitLab), branching strategies",43,topic-01-overview,topic-01-technical,topic-01-problem,topic-01-lab,A reproducible pipeline run and staged-promotion diagram; identify where a managed deployment target is required.,sources.html#topic-043,https://docs.cloud.google.com/build/docs,no
128,topic-02,Cloud Build,"Cloud Build: triggers, build steps, private pools, caching, substitutions",43,topic-02-overview,topic-02-technical,topic-02-problem,topic-02-lab,A reproducible pipeline run and staged-promotion diagram; identify where a managed deployment target is required.,sources.html#topic-043,https://docs.cloud.google.com/build/docs,no
128,topic-03,Artifact Registry,"Artifact Registry: repositories, cleanup policies, remote and virtual repositories",43,topic-03-overview,topic-03-technical,topic-03-problem,topic-03-lab,A reproducible pipeline run and staged-promotion diagram; identify where a managed deployment target is required.,sources.html#topic-043,https://docs.cloud.google.com/build/docs,no
128,topic-04,Cloud Deploy,"Cloud Deploy: delivery pipelines, targets, promotion, approvals, rollbacks",43,topic-04-overview,topic-04-technical,topic-04-problem,topic-04-lab,A reproducible pipeline run and staged-promotion diagram; identify where a managed deployment target is required.,sources.html#topic-043,https://docs.cloud.google.com/deploy/docs,no
129,topic-01,"Rolling, blue/green, canary and feature-flag release choices","Rolling, blue/green, canary and feature-flag release choices",43,topic-01-overview,topic-01-technical,topic-01-problem,topic-01-lab,A rollback trace and correctly defined delivery metrics with measured/simulated values labeled.,sources.html#topic-043,https://docs.cloud.google.com/build/docs,no
129,topic-02,"Unit/integration/security/load-test responsibilities, least-privilege pipeline identity…","unit/integration/security/load-test responsibilities, least-privilege pipeline identity and delivery metrics. Execute one bad-revision rollback. Compare emulator and disposable-cloud verification, documenting what each can establish.",43,topic-02-overview,topic-02-technical,topic-02-problem,topic-02-lab,A rollback trace and correctly defined delivery metrics with measured/simulated values labeled.,sources.html#topic-043,https://docs.cloud.google.com/build/docs,no
130,topic-01,Operating model,Operating model: who owns what (platform team vs product teams),44,topic-01-overview,topic-01-technical,topic-01-problem,topic-01-lab,A catalog entry and operating responsibility matrix linked to the IaC/pipeline evidence.,sources.html#topic-044,https://docs.cloud.google.com/architecture/framework/operational-excellence,no
130,topic-02,Change management and release governance,Change management and release governance,44,topic-02-overview,topic-02-technical,topic-02-problem,topic-02-lab,A catalog entry and operating responsibility matrix linked to the IaC/pipeline evidence.,sources.html#topic-044,https://docs.cloud.google.com/architecture/framework/operational-excellence,no
130,topic-03,"Incident, problem and change processes (ITIL awareness)","Incident, problem and change processes (ITIL awareness)",44,topic-03-overview,topic-03-technical,topic-03-problem,topic-03-lab,A catalog entry and operating responsibility matrix linked to the IaC/pipeline evidence.,sources.html#topic-044,https://docs.cloud.google.com/architecture/framework/operational-excellence,no
130,topic-04,Runbook automation,Runbook automation,44,topic-04-overview,topic-04-technical,topic-04-problem,topic-04-lab,A catalog entry and operating responsibility matrix linked to the IaC/pipeline evidence.,sources.html#topic-044,https://docs.cloud.google.com/architecture/framework/operational-excellence,no
130,topic-05,Service catalog and self-service provisioning,"Service catalog and self-service provisioning: approved templates, ownership, supported configurations, provisioning workflows and lifecycle management.",44,topic-05-overview,topic-05-technical,topic-05-problem,topic-05-lab,A catalog entry and operating responsibility matrix linked to the IaC/pipeline evidence.,sources.html#topic-044,https://docs.cloud.google.com/architecture/framework/operational-excellence,no
131,topic-01,"Resource ownership, tagging, expiry and cleanup","Resource ownership, tagging, expiry and cleanup",44,topic-01-overview,topic-01-technical,topic-01-problem,topic-01-lab,An exception decision and resource lifecycle policy with named review triggers.,sources.html#topic-044,https://docs.cloud.google.com/architecture/framework/operational-excellence,no
131,topic-02,"Policy guardrails, business continuity and team skills","policy guardrails, business continuity and team skills. Introduce shared-failure/blast-radius analysis, staged policy rollout, platform funding and exception expiry before the later multi-team architecture sessions.",44,topic-02-overview,topic-02-technical,topic-02-problem,topic-02-lab,An exception decision and resource lifecycle policy with named review triggers.,sources.html#topic-044,https://docs.cloud.google.com/architecture/framework/operational-excellence,no
132,topic-01,"Customer success, adoption KPIs, support readiness, acceptance, handover and post-launch…","Customer success, adoption KPIs, support readiness, acceptance, handover and post-launch reviews. Use a supplied billing export/dashboard if no data exists",44,topic-01-overview,topic-01-technical,topic-01-problem,topic-01-lab,"A customer-success plan with measurable acceptance criteria, owner and post-launch review date.",sources.html#topic-044,https://docs.cloud.google.com/architecture/framework/operational-excellence,no
133,topic-01,"Integrate the IaC, release, recovery and cost evidence from Days 119–132","Integrate the IaC, release, recovery and cost evidence from Days 119–132. Validate one feasible saving while preserving correctness and SLO assumptions",44,topic-01-overview,topic-01-technical,topic-01-problem,topic-01-lab,A release/recovery/cost acceptance pack and draft rescue capstone; no arbitrary savings percentage target.,sources.html#topic-044,https://docs.cloud.google.com/architecture/framework/operational-excellence,no
133,topic-02,Prioritize remediation,prioritize remediation. Full-stack rebuilds and multiple fresh deployments are not additional same-day assignments.,44,topic-02-overview,topic-02-technical,topic-02-problem,topic-02-lab,A release/recovery/cost acceptance pack and draft rescue capstone; no arbitrary savings percentage target.,sources.html#topic-044,https://docs.cloud.google.com/architecture/framework/operational-excellence,no
134,topic-01,"BigQuery storage/compute separation, datasets, partitions/clusters, batch/stream…","BigQuery storage/compute separation, datasets, partitions/clusters, batch/stream ingestion, Storage Write API, external tables/BigLake, materialized views and BI Engine. Use one tiny aggregation to investigate correctness and query-cost drivers",51,topic-01-overview,topic-01-technical,topic-01-problem,topic-01-lab,"A verified query result, partition/cluster rationale and explicit limits of a local substitute.",sources.html#topic-051,https://docs.cloud.google.com/bigquery/docs,no
134,topic-02,Internal architecture names are recognition-level,internal architecture names are recognition-level.,51,topic-02-overview,topic-02-technical,topic-02-problem,topic-02-lab,"A verified query result, partition/cluster rationale and explicit limits of a local substitute.",sources.html#topic-051,https://docs.cloud.google.com/bigquery/docs,no
135,topic-01,Pricing models,"Pricing models: on-demand vs capacity (editions, slots, autoscaling)",51,topic-01-overview,topic-01-technical,topic-01-problem,topic-01-lab,A row/column access decision and report with source totals reconciled.,sources.html#topic-051,https://docs.cloud.google.com/bigquery/docs,no
135,topic-02,Security,"Security: IAM, column/row-level security, policy tags, authorised views, CMEK",51,topic-02-overview,topic-02-technical,topic-02-problem,topic-02-lab,A row/column access decision and report with source totals reconciled.,sources.html#topic-051,https://docs.cloud.google.com/bigquery/docs,no
135,topic-03,"BigQuery ML, scheduled queries, data transfer service","BigQuery ML, scheduled queries, data transfer service",51,topic-03-overview,topic-03-technical,topic-03-problem,topic-03-lab,A row/column access decision and report with source totals reconciled.,sources.html#topic-051,https://docs.cloud.google.com/bigquery/docs,no
135,topic-04,Looker and Looker Studio for BI,Looker and Looker Studio for BI,51,topic-04-overview,topic-04-technical,topic-04-problem,topic-04-lab,A row/column access decision and report with source totals reconciled.,sources.html#topic-051,https://docs.cloud.google.com/looker/docs,no
136,topic-01,"Batch versus stream processing, Beam windows/watermarks and late data","Batch versus stream processing, Beam windows/watermarks and late data",52,topic-01-overview,topic-01-technical,topic-01-problem,topic-01-lab,A reproducible transform and engine-selection matrix with freshness/cost requirements.,sources.html#topic-052,https://beam.apache.org/documentation/programming-guide/,no
136,topic-02,"Compare Dataflow, Dataproc/Spark, Composer, Data Fusion, Dataform and Workflows by…","compare Dataflow, Dataproc/Spark, Composer, Data Fusion, Dataform and Workflows by responsibility. Implement one local transform",52,topic-02-overview,topic-02-technical,topic-02-problem,topic-02-lab,A reproducible transform and engine-selection matrix with freshness/cost requirements.,sources.html#topic-052,https://docs.cloud.google.com/dataflow/docs,no
136,topic-03,"Managed engine deployments are alternatives, not cumulative lab requirements","managed engine deployments are alternatives, not cumulative lab requirements.",52,topic-03-overview,topic-03-technical,topic-03-problem,topic-03-lab,A reproducible transform and engine-selection matrix with freshness/cost requirements.,sources.html#topic-052,https://beam.apache.org/documentation/programming-guide/,no
137,topic-01,Pub/Sub to Dataflow to BigQuery streaming pattern,Pub/Sub to Dataflow to BigQuery streaming pattern,"52,78",topic-01-overview,topic-01-technical,topic-01-problem,topic-01-lab,"Invariant and aggregate checks, a dead-letter recovery procedure and safe replay/compatibility rules.",sources.html#topic-052,https://docs.cloud.google.com/dataflow/docs,no
137,topic-02,Datastream for real-time change data capture (CDC),Datastream for real-time change data capture (CDC),"52,78",topic-02-overview,topic-02-technical,topic-02-problem,topic-02-lab,"Invariant and aggregate checks, a dead-letter recovery procedure and safe replay/compatibility rules.",sources.html#topic-052,https://beam.apache.org/documentation/programming-guide/,no
137,topic-03,"Event-driven stream processing, exactly-once processing guarantees, and dead-letter queues","Event-driven stream processing, exactly-once processing guarantees, and dead-letter queues","52,78",topic-03-overview,topic-03-technical,topic-03-problem,topic-03-lab,"Invariant and aggregate checks, a dead-letter recovery procedure and safe replay/compatibility rules.",sources.html#topic-052,https://beam.apache.org/documentation/programming-guide/,no
137,topic-04,Lab,"Lab: replay duplicate and out-of-order events, evolve an event schema, and verify consumer deduplication and dead-letter recovery without duplicate business effects.","52,78",topic-04-overview,topic-04-technical,topic-04-problem,topic-04-lab,"Invariant and aggregate checks, a dead-letter recovery procedure and safe replay/compatibility rules.",sources.html#topic-052,https://beam.apache.org/documentation/programming-guide/,no
138,topic-01,"Cloud Storage as data lake foundation (raw, curated, consumption zones)","Cloud Storage as data lake foundation (raw, curated, consumption zones)",53,topic-01-overview,topic-01-technical,topic-01-problem,topic-01-lab,"A storage/table-format decision with ownership, retention and schema-evolution requirements.",sources.html#topic-053,https://docs.cloud.google.com/biglake/docs,no
138,topic-02,File formats,"File formats: Parquet, Avro, ORC",53,topic-02-overview,topic-02-technical,topic-02-problem,topic-02-lab,"A storage/table-format decision with ownership, retention and schema-evolution requirements.",sources.html#topic-053,https://docs.cloud.google.com/biglake/docs,no
138,topic-03,"Lakehouse architecture with BigLake and open table formats (Apache Iceberg, Delta Lake, Hudi)","Lakehouse architecture with BigLake and open table formats (Apache Iceberg, Delta Lake, Hudi)",53,topic-03-overview,topic-03-technical,topic-03-problem,topic-03-lab,"A storage/table-format decision with ownership, retention and schema-evolution requirements.",sources.html#topic-053,https://iceberg.apache.org/docs/latest/,no
138,topic-04,Object table metadata,Object table metadata,53,topic-04-overview,topic-04-technical,topic-04-problem,topic-04-lab,"A storage/table-format decision with ownership, retention and schema-evolution requirements.",sources.html#topic-053,https://docs.cloud.google.com/biglake/docs,no
139,topic-01,Knowledge Catalog and legacy Dataplex terminology: distinguish current catalog/discovery…,Knowledge Catalog and legacy Dataplex terminology: distinguish current catalog/discovery capabilities from older lake/zone/asset designs,82,topic-01-overview,topic-01-technical,topic-01-problem,topic-01-lab,A versioned data contract and lineage/access diagram with responsible producers and consumers.,sources.html#topic-082,https://docs.cloud.google.com/knowledge-catalog/docs,no
139,topic-02,Data profiling and quality tasks,data profiling and quality tasks,82,topic-02-overview,topic-02-technical,topic-02-problem,topic-02-lab,A versioned data contract and lineage/access diagram with responsible producers and consumers.,sources.html#topic-082,https://docs.cloud.google.com/knowledge-catalog/docs/deprecations,no
139,topic-03,Data lineage tracking across BigQuery and Dataflow,Data lineage tracking across BigQuery and Dataflow,82,topic-03-overview,topic-03-technical,topic-03-problem,topic-03-lab,A versioned data contract and lineage/access diagram with responsible producers and consumers.,sources.html#topic-082,https://docs.cloud.google.com/knowledge-catalog/docs/deprecations,no
139,topic-04,"Policy tags, fine-grained access control (column/row-level security)","Policy tags, fine-grained access control (column/row-level security)",82,topic-04-overview,topic-04-technical,topic-04-problem,topic-04-lab,A versioned data contract and lineage/access diagram with responsible producers and consumers.,sources.html#topic-082,https://docs.cloud.google.com/knowledge-catalog/docs,no
139,topic-05,Data mesh contracts,Data mesh contracts,82,topic-05-overview,topic-05-technical,topic-05-problem,topic-05-lab,A versioned data contract and lineage/access diagram with responsible producers and consumers.,sources.html#topic-082,https://docs.cloud.google.com/knowledge-catalog/docs/deprecations,no
140,topic-01,"Training versus inference, labels/features, model registry/version, endpoints and pipelines","Training versus inference, labels/features, model registry/version, endpoints and pipelines","54,72,73",topic-01-overview,topic-01-technical,topic-01-problem,topic-01-lab,"A model selection sheet and versioned evaluation dataset including forbidden, absent and stale information; no custom training requirement.",sources.html#topic-054,https://docs.cloud.google.com/gemini-enterprise-agent-platform/models/model-garden/explore-models,no
140,topic-02,Introduce drift and MLOps evaluation,"introduce drift and MLOps evaluation. Compare prebuilt Search/Conversation/Vision/Image/Video/Audio APIs, Model Garden and custom models. Explain embeddings, retrieval, grounding and evaluation vocabulary using a worked request flow before Day 141","54,72,73",topic-02-overview,topic-02-technical,topic-02-problem,topic-02-lab,"A model selection sheet and versioned evaluation dataset including forbidden, absent and stale information; no custom training requirement.",sources.html#topic-054,https://docs.cloud.google.com/vertex-ai/docs,no
141,topic-01,A single RAG request path,"A single RAG request path: ingestion, chunking, embeddings, indexing, permission-aware retrieval, reranking, grounding and context caching. Choose one small managed or mocked implementation and a fixed model/prompt version",72,topic-01-overview,topic-01-technical,topic-01-problem,topic-01-lab,"Retrieval/answer results for ten cases, citations, latency/cost observations and explicit mock limitations.",sources.html#topic-072,https://docs.cloud.google.com/vertex-ai/generative-ai/docs/overview,no
141,topic-02,Compare Search/Vector Search alternatives at design depth,compare Search/Vector Search alternatives at design depth.,72,topic-02-overview,topic-02-technical,topic-02-problem,topic-02-lab,"Retrieval/answer results for ten cases, citations, latency/cost observations and explicit mock limitations.",sources.html#topic-072,https://docs.cloud.google.com/vertex-ai/generative-ai/docs/overview,no
142,topic-01,"Workflow versus agent, function/tool execution, tool identity, human approval and bounded…","Workflow versus agent, function/tool execution, tool identity, human approval and bounded retries. Compare Gemini Enterprise, Agent Platform and enterprise notebooks against current terminology",73,topic-01-overview,topic-01-technical,topic-01-problem,topic-01-lab,"A tool authorization boundary, repeated-call result and product-fit ADR; consequential actions remain simulated behind approval.",sources.html#topic-073,https://docs.cloud.google.com/gemini-enterprise-agent-platform,no
142,topic-02,"Recognize ReAct, multi-agent and LangChain/LlamaIndex alternatives without requiring…","recognize ReAct, multi-agent and LangChain/LlamaIndex alternatives without requiring several frameworks.",73,topic-02-overview,topic-02-technical,topic-02-problem,topic-02-lab,"A tool authorization boundary, repeated-call result and product-fit ADR; consequential actions remain simulated behind approval.",sources.html#topic-073,https://docs.cloud.google.com/gemini-enterprise-agent-platform,no
143,topic-01,"Model Armor, prompt/response sanitization, groundedness/quality/safety evaluation and…","Model Armor, prompt/response sanitization, groundedness/quality/safety evaluation and auditability. Reuse the established corpus/tool and ten-case evaluation set",74,topic-01-overview,topic-01-technical,topic-01-problem,topic-01-lab,"Scored quality/security results, residual risks and enforceable token/tool limits; do not treat a model filter as the authorization boundary.",sources.html#topic-074,https://docs.cloud.google.com/model-armor/overview,no
143,topic-02,Separate application-enforced permissions from model behavior and document residual risks,separate application-enforced permissions from model behavior and document residual risks.,74,topic-02-overview,topic-02-technical,topic-02-problem,topic-02-lab,"Scored quality/security results, residual risks and enforceable token/tool limits; do not treat a model filter as the authorization boundary.",sources.html#topic-074,https://docs.cloud.google.com/model-armor/overview,no
144,topic-01,"AI Hypercomputer compute/storage/network integration, managed versus self-managed serving,…","AI Hypercomputer compute/storage/network integration, managed versus self-managed serving, GPU/TPU selection, scheduling/reservations and vLLM/Triton roles. Treat specific accelerator generations and RoCE/GPUDirect as current-documentation awareness. Reuse measured request results for a paper sizing exercise, deployment/monitoring design and rollback plan.",75,topic-01-overview,topic-01-technical,topic-01-problem,topic-01-lab,"An AI deployment ADR, sizing assumptions, model/version rollback and evaluation acceptance criteria; no cluster deployment.",sources.html#topic-075,https://docs.cloud.google.com/ai-hypercomputer/docs/overview,no
145,topic-01,"CAP/PACELC trade-offs, public Spanner/TrueTime consistency behavior,…","CAP/PACELC trade-offs, public Spanner/TrueTime consistency behavior, leader/quorum/consensus, Paxos/Raft at explanatory depth, two-phase commit versus saga compensation and partition tolerance. Tie each concept to earlier state, duplicate-event and recovery evidence",78,topic-01-overview,topic-01-technical,topic-01-problem,topic-01-lab,"A correctness/failure ADR grounded in duplicate, migration and recovery evidence rather than assumed managed internals.",sources.html#topic-078,https://docs.cloud.google.com/spanner/docs/true-time-external-consistency,no
146,topic-01,The 6-step discovery method,"The 6-step discovery method: Business drivers, Technical constraints, Architecture trade-offs, Target GCP topology, Security & Compliance, Cost/Operations. Note: Focus on current active cases (EHR, Altostrat, Cymbal, KnightMotives)",45,topic-01-overview,topic-01-technical,topic-01-problem,topic-01-lab,"A reusable case worksheet covering business, constraints, trade-offs, topology, security and operations.",sources.html#topic-045,https://services.google.com/fh/files/misc/professional_cloud_architect_exam_guide_english.pdf,no
146,topic-02,Mountkirk/TerramEarth/HRL are retired legacy cases,Mountkirk/TerramEarth/HRL are retired legacy cases.,45,topic-02-overview,topic-02-technical,topic-02-problem,topic-02-lab,"A reusable case worksheet covering business, constraints, trade-offs, topology, security and operations.",sources.html#topic-045,https://services.google.com/fh/files/misc/professional_cloud_architect_exam_guide_english.pdf,no
147,topic-01,"Underline every number (users, RPS, TB, latency, RTO/RPO, budget)","Underline every number (users, RPS, TB, latency, RTO/RPO, budget)",61,topic-01-overview,topic-01-technical,topic-01-problem,topic-01-lab,A fact/assumption register with every claim traceable to the case source.,sources.html#topic-061,https://services.google.com/fh/files/misc/professional_cloud_architect_exam_guide_english.pdf,no
147,topic-02,"Underline every adjective that hides a requirement (""global"", ""regulated"", ""spiky"",…","Underline every adjective that hides a requirement (""global"", ""regulated"", ""spiky"", ""legacy"", ""real-time"")",61,topic-02-overview,topic-02-technical,topic-02-problem,topic-02-lab,A fact/assumption register with every claim traceable to the case source.,sources.html#topic-061,https://services.google.com/fh/files/misc/professional_cloud_architect_exam_guide_english.pdf,no
147,topic-03,Separate stated needs from implied needs,Separate stated needs from implied needs,61,topic-03-overview,topic-03-technical,topic-03-problem,topic-03-lab,A fact/assumption register with every claim traceable to the case source.,sources.html#topic-061,https://services.google.com/fh/files/misc/professional_cloud_architect_exam_guide_english.pdf,no
148,topic-01,Map each requirement to a GCP capability,Map each requirement to a GCP capability,61,topic-01-overview,topic-01-technical,topic-01-problem,topic-01-lab,A requirements-to-options matrix and questions that would change the design.,sources.html#topic-061,https://services.google.com/fh/files/misc/professional_cloud_architect_exam_guide_english.pdf,no
148,topic-02,"Spot the ""watchpoints"" (conflicting requirements, hidden compliance needs, skill gaps)","Spot the ""watchpoints"" (conflicting requirements, hidden compliance needs, skill gaps)",61,topic-02-overview,topic-02-technical,topic-02-problem,topic-02-lab,A requirements-to-options matrix and questions that would change the design.,sources.html#topic-061,https://services.google.com/fh/files/misc/professional_cloud_architect_exam_guide_english.pdf,no
148,topic-03,Note what is explicitly out of scope,Note what is explicitly out of scope,61,topic-03-overview,topic-03-technical,topic-03-problem,topic-03-lab,A requirements-to-options matrix and questions that would change the design.,sources.html#topic-061,https://services.google.com/fh/files/misc/professional_cloud_architect_exam_guide_english.pdf,no
149,topic-01,What is the business driver for this project?,What is the business driver for this project?,62,topic-01-overview,topic-01-technical,topic-01-problem,topic-01-lab,A discovery transcript or self-review with quantified requirements and unresolved questions.,sources.html#topic-062,https://docs.cloud.google.com/architecture/framework,no
149,topic-02,"What are the availability, RTO and RPO targets, and what does an hour of downtime cost?","What are the availability, RTO and RPO targets, and what does an hour of downtime cost?",62,topic-02-overview,topic-02-technical,topic-02-problem,topic-02-lab,A discovery transcript or self-review with quantified requirements and unresolved questions.,sources.html#topic-062,https://docs.cloud.google.com/architecture/framework,no
149,topic-03,"What are peak and average load, and how spiky is it?","What are peak and average load, and how spiky is it?",62,topic-03-overview,topic-03-technical,topic-03-problem,topic-03-lab,A discovery transcript or self-review with quantified requirements and unresolved questions.,sources.html#topic-062,https://docs.cloud.google.com/architecture/framework,no
150,topic-01,"Where are users, and where must data legally reside?","Where are users, and where must data legally reside?",62,topic-01-overview,topic-01-technical,topic-01-problem,topic-01-lab,A constraint/skills matrix and a mitigation or simpler alternative for each gap.,sources.html#topic-062,https://docs.cloud.google.com/architecture/framework,no
150,topic-02,What regulations and audits apply?,What regulations and audits apply?,62,topic-02-overview,topic-02-technical,topic-02-problem,topic-02-lab,A constraint/skills matrix and a mitigation or simpler alternative for each gap.,sources.html#topic-062,https://docs.cloud.google.com/architecture/framework,no
150,topic-03,What existing systems must we integrate with?,What existing systems must we integrate with?,62,topic-03-overview,topic-03-technical,topic-03-problem,topic-03-lab,A constraint/skills matrix and a mitigation or simpler alternative for each gap.,sources.html#topic-062,https://docs.cloud.google.com/architecture/framework,no
150,topic-04,What skills does the team have?,What skills does the team have?,62,topic-04-overview,topic-04-technical,topic-04-problem,topic-04-lab,A constraint/skills matrix and a mitigation or simpler alternative for each gap.,sources.html#topic-062,https://docs.cloud.google.com/architecture/framework,no
151,topic-01,What is the budget and the timeline?,What is the budget and the timeline?,62,topic-01-overview,topic-01-technical,topic-01-problem,topic-01-lab,A scoped proposal with acceptance criteria and explicit exclusions.,sources.html#topic-062,https://docs.cloud.google.com/architecture/framework,no
151,topic-02,What are the biggest risks as the customer sees them?,What are the biggest risks as the customer sees them?,62,topic-02-overview,topic-02-technical,topic-02-problem,topic-02-lab,A scoped proposal with acceptance criteria and explicit exclusions.,sources.html#topic-062,https://docs.cloud.google.com/architecture/framework,no
151,topic-03,How will success be measured?,How will success be measured?,62,topic-03-overview,topic-03-technical,topic-03-problem,topic-03-lab,A scoped proposal with acceptance criteria and explicit exclusions.,sources.html#topic-062,https://docs.cloud.google.com/architecture/framework,no
152,topic-01,Read the current EHR case through the official exam guide,"Read the current EHR case through the official exam guide. Separate its stated requirements from assumptions about compliance, database targets, hybrid topology and managed runtimes",46,topic-01-overview,topic-01-technical,topic-01-problem,topic-01-lab,A source-linked fact register with inferred product choices clearly labeled as proposals.,sources.html#topic-046,https://services.google.com/fh/files/misc/professional_cloud_architect_exam_guide_english.pdf,no
152,topic-02,Evaluate migration and recovery constraints before selecting services,evaluate migration and recovery constraints before selecting services.,46,topic-02-overview,topic-02-technical,topic-02-problem,topic-02-lab,A source-linked fact register with inferred product choices clearly labeled as proposals.,sources.html#topic-046,https://services.google.com/fh/files/misc/professional_cloud_architect_exam_guide_english.pdf,no
153,topic-01,"Compare proposed database/runtime/connectivity, least-privilege, encryption and audit…","Compare proposed database/runtime/connectivity, least-privilege, encryption and audit designs against actual EHR requirements. Record alternatives rather than treating Cloud SQL, AlloyDB, Spanner or GKE as a prescribed answer.",46,topic-01-overview,topic-01-technical,topic-01-problem,topic-01-lab,"A one-page design, ADR, cost assumptions and risk list; update the regulated and migration capstones with transferable lessons.",sources.html#topic-046,https://services.google.com/fh/files/misc/professional_cloud_architect_exam_guide_english.pdf,no
154,topic-01,Read the official case,Read the official case,47,topic-01-overview,topic-01-technical,topic-01-problem,topic-01-lab,A source-linked requirements matrix and existing-versus-proposed system diagram.,sources.html#topic-047,https://services.google.com/fh/files/misc/v6.1_pca_altostrat_media_case_study_english.pdf,no
154,topic-02,"Extract media summarization, metadata enrichment, content safety and…","extract media summarization, metadata enrichment, content safety and conversational-support requirements. Identify existing platform components and distinguish facts from proposed solutions.",47,topic-02-overview,topic-02-technical,topic-02-problem,topic-02-lab,A source-linked requirements matrix and existing-versus-proposed system diagram.,sources.html#topic-047,https://services.google.com/fh/files/misc/v6.1_pca_altostrat_media_case_study_english.pdf,no
155,topic-01,"Compare designs for AI-assisted discovery and support, hybrid Kubernetes delivery, CI/CD,…","Compare designs for AI-assisted discovery and support, hybrid Kubernetes delivery, CI/CD, storage cost and auditable AI decisions. Record alternatives and evaluation criteria",47,topic-01-overview,topic-01-technical,topic-01-problem,topic-01-lab,"An ADR covering quality, auditability, hybrid operations and cost with one rejected option.",sources.html#topic-047,https://services.google.com/fh/files/misc/v6.1_pca_altostrat_media_case_study_english.pdf,no
155,topic-02,"CDN/transcoding choices are supporting design options, not the complete case","CDN/transcoding choices are supporting design options, not the complete case.",47,topic-02-overview,topic-02-technical,topic-02-problem,topic-02-lab,"An ADR covering quality, auditability, hybrid operations and cost with one rejected option.",sources.html#topic-047,https://services.google.com/fh/files/misc/v6.1_pca_altostrat_media_case_study_english.pdf,no
156,topic-01,Read the official case,Read the official case,48,topic-01-overview,topic-01-technical,topic-01-problem,topic-01-lab,A fact register and content approval/data-flow diagram with security boundaries.,sources.html#topic-048,https://services.google.com/fh/files/misc/v6.1_pca_cymbal_retail_case_study_english.pdf,no
156,topic-02,"Capture supplier-data integration, product attribute/description/image generation, product…","capture supplier-data integration, product attribute/description/image generation, product discovery, conversational commerce and human review before catalog publication.",48,topic-02-overview,topic-02-technical,topic-02-problem,topic-02-lab,A fact register and content approval/data-flow diagram with security boundaries.,sources.html#topic-048,https://services.google.com/fh/files/misc/v6.1_pca_cymbal_retail_case_study_english.pdf,no
157,topic-01,"Compare secure modernization of legacy file/ETL integrations, databases and container…","Compare secure modernization of legacy file/ETL integrations, databases and container workloads. Design review/approval, observability and quality checks",48,topic-01-overview,topic-01-technical,topic-01-problem,topic-01-lab,"A one-page design with quality/approval acceptance criteria, integration alternatives and cost assumptions.",sources.html#topic-048,https://services.google.com/fh/files/misc/v6.1_pca_cymbal_retail_case_study_english.pdf,no
157,topic-02,Justify each database choice rather than assuming Spanner or a seasonal-traffic requirement,justify each database choice rather than assuming Spanner or a seasonal-traffic requirement.,48,topic-02-overview,topic-02-technical,topic-02-problem,topic-02-lab,"A one-page design with quality/approval acceptance criteria, integration alternatives and cost assumptions.",sources.html#topic-048,https://services.google.com/fh/files/misc/v6.1_pca_cymbal_retail_case_study_english.pdf,no
158,topic-01,Read the official case,Read the official case,49,topic-01-overview,topic-01-technical,topic-01-problem,topic-01-lab,A source-linked dependency map and prioritized business outcomes.,sources.html#topic-049,https://services.google.com/fh/files/misc/v6.1_pca_knightmotives_automotive_case_study_english.pdf,no
158,topic-02,"Identify fragmented vehicle software, unreliable ordering, legacy mainframe/ERP, dealer…","identify fragmented vehicle software, unreliable ordering, legacy mainframe/ERP, dealer constraints, plant/rural connectivity and the five-year customer-experience transformation.",49,topic-02-overview,topic-02-technical,topic-02-problem,topic-02-lab,A source-linked dependency map and prioritized business outcomes.,sources.html#topic-049,https://services.google.com/fh/files/misc/v6.1_pca_knightmotives_automotive_case_study_english.pdf,no
159,topic-01,"Compare hybrid modernization, dealer tooling, protected data monetization, AI/ML and…","Compare hybrid modernization, dealer tooling, protected data monetization, AI/ML and simulation infrastructure. Include privacy, incident response, skills and funding",49,topic-01-overview,topic-01-technical,topic-01-problem,topic-01-lab,"A phased design with rollback, funding, privacy and adoption risks linked to case facts.",sources.html#topic-049,https://services.google.com/fh/files/misc/v6.1_pca_knightmotives_automotive_case_study_english.pdf,no
159,topic-02,Justify telemetry services as options rather than treating IoT analytics as the whole case,justify telemetry services as options rather than treating IoT analytics as the whole case.,49,topic-02-overview,topic-02-technical,topic-02-problem,topic-02-lab,"A phased design with rollback, funding, privacy and adoption risks linked to case facts.",sources.html#topic-049,https://services.google.com/fh/files/misc/v6.1_pca_knightmotives_automotive_case_study_english.pdf,no
160,topic-01,"Review the four previously prepared official case packages for requirement traceability,…","Review the four previously prepared official case packages for requirement traceability, cost, failure behavior and evidence. Correct the weakest package and transfer useful findings into the five capstones.",63,topic-01-overview,topic-01-technical,topic-01-problem,topic-01-lab,A corrected case portfolio and an evidence-based error log for exam review.,sources.html#topic-063,https://services.google.com/fh/files/misc/professional_cloud_architect_exam_guide_english.pdf,no
161,topic-01,"Choose one fictional scenario from retail, healthcare, payments, gaming, media, IoT,…","Choose one fictional scenario from retail, healthcare, payments, gaming, media, IoT, government, SaaS or manufacturing. Time-box its initial design, change one constraint and review all six pillars. Additional scenarios are optional.",63,topic-01-overview,topic-01-technical,topic-01-problem,topic-01-lab,A before/after ADR and six-pillar critique; other fictional scenarios are optional extensions.,sources.html#topic-063,https://services.google.com/fh/files/misc/professional_cloud_architect_exam_guide_english.pdf,no
162,topic-01,"Read the current official standard-exam guide and weights, distinguish renewal scope, and…","Read the current official standard-exam guide and weights, distinguish renewal scope, and map all six domains to evidence. Use official sample questions and legitimate practice materials","50,71",topic-01-overview,topic-01-technical,topic-01-problem,topic-01-lab,A source-dated exam map and remediation list; a sample score is not proof of readiness.,sources.html#topic-071,https://services.google.com/fh/files/misc/professional_cloud_architect_exam_guide_english.pdf,no
162,topic-02,Record why wrong answers fail the stated requirements,record why wrong answers fail the stated requirements.,"50,71",topic-02-overview,topic-02-technical,topic-02-problem,topic-02-lab,A source-dated exam map and remediation list; a sample score is not proof of readiness.,sources.html#topic-050,https://cloud.google.com/learn/certification/cloud-architect,no
163,topic-01,"Build flash cards for service limits, decision rules and SLAs","Build flash cards for service limits, decision rules and SLAs",50,topic-01-overview,topic-01-technical,topic-01-problem,topic-01-lab,"An error log separating knowledge gaps, misread requirements and timing issues, with corrective study links.",sources.html#topic-050,https://cloud.google.com/learn/certification/cloud-architect,no
163,topic-02,Practise elimination,Practise elimination: remove options that violate a stated requirement,50,topic-02-overview,topic-02-technical,topic-02-problem,topic-02-lab,"An error log separating knowledge gaps, misread requirements and timing issues, with corrective study links.",sources.html#topic-050,https://cloud.google.com/learn/certification/cloud-architect,no
163,topic-03,Watch for keywords,"Watch for keywords: ""minimum operational overhead"" (managed/serverless), ""lowest cost"" (Spot, lifecycle, committed use), ""global"" (Spanner, global LB), ""least privilege"", ""without changing code"", ""near real time""",50,topic-03-overview,topic-03-technical,topic-03-problem,topic-03-lab,"An error log separating knowledge gaps, misread requirements and timing issues, with corrective study links.",sources.html#topic-050,https://cloud.google.com/learn/certification/cloud-architect,no
163,topic-04,"Time management drills (the exam is long, so practise pacing)","Time management drills (the exam is long, so practise pacing)",50,topic-04-overview,topic-04-technical,topic-04-problem,topic-04-lab,"An error log separating knowledge gaps, misread requirements and timing issues, with corrective study links.",sources.html#topic-050,https://services.google.com/fh/files/misc/professional_cloud_architect_exam_guide_english.pdf,no
164,topic-01,"Remediate the weakest domain, inspect official preparation and booking requirements, and…","Remediate the weakest domain, inspect official preparation and booking requirements, and maintain a readiness plan. Booking is a learner decision after evidence review",50,topic-01-overview,topic-01-technical,topic-01-problem,topic-01-lab,"A readiness decision and remaining learning plan; final light review belongs on Day 180, not before platform work.",sources.html#topic-050,https://cloud.google.com/learn/certification/cloud-architect,no
164,topic-02,Days 165–179 still contain required work and Day 180 is the light-review/rest day,Days 165–179 still contain required work and Day 180 is the light-review/rest day.,50,topic-02-overview,topic-02-technical,topic-02-problem,topic-02-lab,"A readiness decision and remaining learning plan; final light review belongs on Day 180, not before platform work.",sources.html#topic-050,https://cloud.google.com/learn/certification/cloud-architect,no
165,topic-01,Multi-project landing zone design,Multi-project landing zone design: automated Project Vending Machine / Project Factory,79,topic-01-overview,topic-01-technical,topic-01-problem,topic-01-lab,"A platform standard with owner, rollout rings, blast radius, exception expiry and adoption measures.",sources.html#topic-079,https://docs.cloud.google.com/architecture/landing-zones,no
165,topic-02,Shared VPC topology across business units,Shared VPC topology across business units,79,topic-02-overview,topic-02-technical,topic-02-problem,topic-02-lab,"A platform standard with owner, rollout rings, blast radius, exception expiry and adoption measures.",sources.html#topic-079,https://docs.cloud.google.com/architecture/landing-zones,no
165,topic-03,Centralized egress and ingress inspection,Centralized egress and ingress inspection,79,topic-03-overview,topic-03-technical,topic-03-problem,topic-03-lab,"A platform standard with owner, rollout rings, blast radius, exception expiry and adoption measures.",sources.html#topic-079,https://docs.cloud.google.com/architecture/landing-zones,no
165,topic-04,Hierarchical Organization Policies and service control guardrails,Hierarchical Organization Policies and service control guardrails,79,topic-04-overview,topic-04-technical,topic-04-problem,topic-04-lab,"A platform standard with owner, rollout rings, blast radius, exception expiry and adoption measures.",sources.html#topic-079,https://docs.cloud.google.com/architecture/landing-zones,no
165,topic-05,Tenant isolation and billing boundaries,Tenant isolation and billing boundaries,79,topic-05-overview,topic-05-technical,topic-05-problem,topic-05-lab,"A platform standard with owner, rollout rings, blast radius, exception expiry and adoption measures.",sources.html#topic-079,https://docs.cloud.google.com/architecture/landing-zones,no
165,topic-06,Connect the service catalog to a project provisioning workflow with approved Terraform…,"Connect the service catalog to a project provisioning workflow with approved Terraform templates, ownership metadata, budgets and guardrail validation.",79,topic-06-overview,topic-06-technical,topic-06-problem,topic-06-lab,"A platform standard with owner, rollout rings, blast radius, exception expiry and adoption measures.",sources.html#topic-079,https://docs.cloud.google.com/architecture/landing-zones,no
166,topic-01,Application Default Credentials (ADC) resolution order,Application Default Credentials (ADC) resolution order,80,topic-01-overview,topic-01-technical,topic-01-problem,topic-01-lab,A federation/delegation standard with redacted test/fixture evidence and recovery authority.,sources.html#topic-080,https://docs.cloud.google.com/docs/authentication/application-default-credentials,no
166,topic-02,"Workload Identity Federation (WIF) with AWS, Azure, GitHub Actions, and on-premises Kubernetes","Workload Identity Federation (WIF) with AWS, Azure, GitHub Actions, and on-premises Kubernetes",80,topic-02-overview,topic-02-technical,topic-02-problem,topic-02-lab,A federation/delegation standard with redacted test/fixture evidence and recovery authority.,sources.html#topic-080,https://docs.cloud.google.com/docs/authentication/application-default-credentials,no
166,topic-03,Service account impersonation vs long-lived keys,Service account impersonation vs long-lived keys,80,topic-03-overview,topic-03-technical,topic-03-problem,topic-03-lab,A federation/delegation standard with redacted test/fixture evidence and recovery authority.,sources.html#topic-080,https://docs.cloud.google.com/docs/authentication/application-default-credentials,no
166,topic-04,"Short-lived access tokens, downscoping tokens, and service-to-service mTLS","Short-lived access tokens, downscoping tokens, and service-to-service mTLS",80,topic-04-overview,topic-04-technical,topic-04-problem,topic-04-lab,A federation/delegation standard with redacted test/fixture evidence and recovery authority.,sources.html#topic-080,https://docs.cloud.google.com/docs/authentication/application-default-credentials,no
167,topic-01,Apigee X architecture,"Apigee X architecture: API gateway, developer portal, traffic management, rate limiting, and analytics",81,topic-01-overview,topic-01-technical,topic-01-problem,topic-01-lab,"A versioned contract, pass/fail results and cross-team migration/ownership plan.",sources.html#topic-081,https://docs.cloud.google.com/apigee/docs,no
167,topic-02,Cloud Endpoints and API Gateway,Cloud Endpoints and API Gateway,81,topic-02-overview,topic-02-technical,topic-02-problem,topic-02-lab,"A versioned contract, pass/fail results and cross-team migration/ownership plan.",sources.html#topic-081,https://docs.cloud.google.com/api-gateway/docs,no
167,topic-03,GRPC and Protocol Buffers for low-latency internal microservices,gRPC and Protocol Buffers for low-latency internal microservices,81,topic-03-overview,topic-03-technical,topic-03-problem,topic-03-lab,"A versioned contract, pass/fail results and cross-team migration/ownership plan.",sources.html#topic-081,https://docs.cloud.google.com/api-gateway/docs,no
167,topic-04,"API versioning, backward compatibility, and contract testing","API versioning, backward compatibility, and contract testing",81,topic-04-overview,topic-04-technical,topic-04-problem,topic-04-lab,"A versioned contract, pass/fail results and cross-team migration/ownership plan.",sources.html#topic-081,https://docs.cloud.google.com/api-gateway/docs,no
168,topic-01,Carbon Footprint dashboard,Carbon Footprint dashboard,"76,77",topic-01-overview,topic-01-technical,topic-01-problem,topic-01-lab,A sustainability ADR and accepted/rejected diagnostic claims with human accountability and source limits.,sources.html#topic-077,https://docs.cloud.google.com/carbon-footprint/docs,no
168,topic-02,Low-carbon region selection and carbon-free energy percentages (CFE%),Low-carbon region selection and carbon-free energy percentages (CFE%),"76,77",topic-02-overview,topic-02-technical,topic-02-problem,topic-02-lab,A sustainability ADR and accepted/rejected diagnostic claims with human accountability and source limits.,sources.html#topic-077,https://docs.cloud.google.com/carbon-footprint/docs,no
168,topic-03,Carbon-aware batch and workload scheduling,Carbon-aware batch and workload scheduling,"76,77",topic-03-overview,topic-03-technical,topic-03-problem,topic-03-lab,A sustainability ADR and accepted/rejected diagnostic claims with human accountability and source limits.,sources.html#topic-077,https://docs.cloud.google.com/carbon-footprint/docs,no
168,topic-04,Gemini Cloud Assist for AIOps,"Gemini Cloud Assist for AIOps: natural language incident diagnostics, automated root-cause investigation, and assisted Terraform generation","76,77",topic-04-overview,topic-04-technical,topic-04-problem,topic-04-lab,A sustainability ADR and accepted/rejected diagnostic claims with human accountability and source limits.,sources.html#topic-076,https://docs.cloud.google.com/cloud-assist/overview,no
169,topic-01,"Service-specific quota scopes, shared allocation policy and reservations","Service-specific quota scopes, shared allocation policy and reservations",83,topic-01-overview,topic-01-technical,topic-01-problem,topic-01-lab,"A capacity/continuity standard with reserved headroom, measurable triggers and an owner for exceptions.",sources.html#topic-083,https://docs.cloud.google.com/compute/docs/instances/reservations-overview,no
169,topic-02,Verify available capacity in each failover region,verify available capacity in each failover region,83,topic-02-overview,topic-02-technical,topic-02-problem,topic-02-lab,"A capacity/continuity standard with reserved headroom, measurable triggers and an owner for exceptions.",sources.html#topic-083,https://docs.cloud.google.com/docs/quotas/overview,no
169,topic-03,Rate limiting and adaptive concurrency limits,Rate limiting and adaptive concurrency limits,83,topic-03-overview,topic-03-technical,topic-03-problem,topic-03-lab,"A capacity/continuity standard with reserved headroom, measurable triggers and an owner for exceptions.",sources.html#topic-083,https://docs.cloud.google.com/docs/quotas/overview,no
169,topic-04,Graceful degradation under saturation,"Graceful degradation under saturation: load shedding, feature flags, degraded responses, and queuing backpressure",83,topic-04-overview,topic-04-technical,topic-04-problem,topic-04-lab,"A capacity/continuity standard with reserved headroom, measurable triggers and an owner for exceptions.",sources.html#topic-083,https://docs.cloud.google.com/docs/quotas/overview,no
169,topic-05,Service-level quota monitoring and automated quota alerts,Service-level quota monitoring and automated quota alerts,83,topic-05-overview,topic-05-technical,topic-05-problem,topic-05-lab,"A capacity/continuity standard with reserved headroom, measurable triggers and an owner for exceptions.",sources.html#topic-083,https://docs.cloud.google.com/docs/quotas/overview,no
170,topic-01,Synthesis,Synthesis: Compute Engine vs GKE vs Cloud Run vs Cloud Functions vs AI Hypercomputer,"55,56",topic-01-overview,topic-01-technical,topic-01-problem,topic-01-lab,Updated decision matrices linked to operational evidence and clearly stated rejection reasons.,sources.html#topic-055,https://cloud.google.com/products/compute,no
170,topic-02,Database selection tree,Database selection tree: Cloud SQL vs AlloyDB vs Cloud Spanner vs Firestore vs Cloud Bigtable,"55,56",topic-02-overview,topic-02-technical,topic-02-problem,topic-02-lab,Updated decision matrices linked to operational evidence and clearly stated rejection reasons.,sources.html#topic-056,https://cloud.google.com/products/databases,no
170,topic-03,Multi-tenant vs single-tenant database partitioning,Multi-tenant vs single-tenant database partitioning,"55,56",topic-03-overview,topic-03-technical,topic-03-problem,topic-03-lab,Updated decision matrices linked to operational evidence and clearly stated rejection reasons.,sources.html#topic-056,https://cloud.google.com/products/databases,no
171,topic-01,Synthesis,Synthesis: Global vs Regional Load Balancers,"57,58",topic-01-overview,topic-01-technical,topic-01-problem,topic-01-lab,"A topology and connectivity ADR with failure paths, ownership and rollout/rollback requirements.",sources.html#topic-057,https://docs.cloud.google.com/load-balancing/docs/choosing-load-balancer,no
171,topic-02,Hybrid connectivity decision tree,Hybrid connectivity decision tree: HA VPN vs Dedicated/Partner Interconnect vs Cross-Cloud Interconnect vs NCC,"57,58",topic-02-overview,topic-02-technical,topic-02-problem,topic-02-lab,"A topology and connectivity ADR with failure paths, ownership and rollout/rollback requirements.",sources.html#topic-057,https://docs.cloud.google.com/load-balancing/docs/choosing-load-balancer,no
171,topic-03,Private Service Connect (PSC) vs VPC Peering vs Private Services Access (PSA),Private Service Connect (PSC) vs VPC Peering vs Private Services Access (PSA),"57,58",topic-03-overview,topic-03-technical,topic-03-problem,topic-03-lab,"A topology and connectivity ADR with failure paths, ownership and rollout/rollback requirements.",sources.html#topic-057,https://docs.cloud.google.com/load-balancing/docs/choosing-load-balancer,no
172,topic-01,"Compare object/file/block storage and Pub/Sub/Kafka/Tasks/Eventarc with retention,…","Compare object/file/block storage and Pub/Sub/Kafka/Tasks/Eventarc with retention, ordering and replay requirements. Treat Pub/Sub Lite as deprecation/migration awareness. Verify each selected SLA, limit, region and topology condition with a dated source rather than memorizing generic availability numbers.","59,60,64",topic-01-overview,topic-01-technical,topic-01-problem,topic-01-lab,"A dated decision sheet distinguishing contractual SLA, design SLO, quota and physical capacity.",sources.html#topic-059,https://docs.cloud.google.com/storage/docs/storage-classes,no
173,topic-01,Consulting communication,"Consulting communication: stakeholder alignment, exec summaries, navigating trade-offs","65,66,67,68,69,70",topic-01-overview,topic-01-technical,topic-01-problem,topic-01-lab,"Five draft capstone packages with owners, measurable acceptance, exceptions and evidence indexes; identify any gaps before the gate.",sources.html#topic-066,https://sre.google/workbook/table-of-contents/,no
173,topic-02,Architecture Decision Records (ADRs),"Architecture Decision Records (ADRs): context, decision, consequences","65,66,67,68,69,70",topic-02-overview,topic-02-technical,topic-02-problem,topic-02-lab,"Five draft capstone packages with owners, measurable acceptance, exceptions and evidence indexes; identify any gaps before the gate.",sources.html#topic-066,https://docs.cloud.google.com/architecture/framework,no
173,topic-03,Deliverable catalog,"Deliverable catalog: High-Level Design (HLD), Low-Level Design (LLD), Risk Register, Migration Wave Plan","65,66,67,68,69,70",topic-03-overview,topic-03-technical,topic-03-problem,topic-03-lab,"Five draft capstone packages with owners, measurable acceptance, exceptions and evidence indexes; identify any gaps before the gate.",sources.html#topic-065,https://cloud.google.com/learn/certification/cloud-architect,no
173,topic-04,Customer handover,"Customer handover: acceptance evidence, runbooks, support ownership, adoption goals and post-launch review. Prepare portfolio structure and case walkthroughs","65,66,67,68,69,70",topic-04-overview,topic-04-technical,topic-04-problem,topic-04-lab,"Five draft capstone packages with owners, measurable acceptance, exceptions and evidence indexes; identify any gaps before the gate.",sources.html#topic-065,https://cloud.google.com/learn/certification/cloud-architect,no
173,topic-05,"Consolidate operating rules, lab evidence and progress tracking for the final checkpoint","consolidate operating rules, lab evidence and progress tracking for the final checkpoint.","65,66,67,68,69,70",topic-05-overview,topic-05-technical,topic-05-problem,topic-05-lab,"Five draft capstone packages with owners, measurable acceptance, exceptions and evidence indexes; identify any gaps before the gate.",sources.html#topic-065,https://cloud.google.com/learn/certification/cloud-architect,no
174,topic-01,Prerequisite review and remediation,Prerequisite review and remediation,"65,71",topic-01-overview,topic-01-technical,topic-01-problem,topic-01-lab,"A scored G6 decision, complete topic tracker and no unresolved critical correctness, access or recovery failures.",sources.html#topic-065,https://cloud.google.com/learn/certification/cloud-architect,no
174,topic-02,Use the matching gate criteria in the Gates section,use the matching gate criteria in the Gates section. Do not introduce new services or concepts on a checkpoint day.,"65,71",topic-02-overview,topic-02-technical,topic-02-problem,topic-02-lab,"A scored G6 decision, complete topic tracker and no unresolved critical correctness, access or recovery failures.",sources.html#topic-065,https://cloud.google.com/learn/certification/cloud-architect,no
175,topic-01,Synthesize the existing capstone package and address review findings,Synthesize the existing capstone package and address review findings. Reuse the earlier experiments and designs,"67,69",topic-01-overview,topic-01-technical,topic-01-problem,topic-01-lab,"Final HLD/LLD, ADRs, cost/risk model and scored review; onboarding, exception and recovery ownership must be explicit.",sources.html#topic-067,https://docs.cloud.google.com/architecture/framework,no
176,topic-01,Synthesize the existing capstone package and address review findings,Synthesize the existing capstone package and address review findings. Reuse the earlier experiments and designs,"67,69",topic-01-overview,topic-01-technical,topic-01-problem,topic-01-lab,"Final design/control/evidence package with residual risks, retention/deletion handling and a qualified-review boundary.",sources.html#topic-067,https://docs.cloud.google.com/architecture/framework,no
177,topic-01,Synthesize the existing capstone package and address review findings,Synthesize the existing capstone package and address review findings. Reuse the earlier experiments and designs,"67,69",topic-01-overview,topic-01-technical,topic-01-problem,topic-01-lab,Final design and recovery model with lab evidence distinguished from production guarantees and common-cause risk included.,sources.html#topic-067,https://docs.cloud.google.com/architecture/framework,no
178,topic-01,Synthesize the existing capstone package and address review findings,Synthesize the existing capstone package and address review findings. Reuse the earlier experiments and designs,"67,69",topic-01-overview,topic-01-technical,topic-01-problem,topic-01-lab,"Final migration package with measurable acceptance, source/target invariants, owners and decommissioning criteria.",sources.html#topic-067,https://docs.cloud.google.com/architecture/framework,no
179,topic-01,Synthesize the existing capstone package and address review findings,Synthesize the existing capstone package and address review findings. Reuse the earlier experiments and designs,"67,69",topic-01-overview,topic-01-technical,topic-01-problem,topic-01-lab,"Final before/after cost/reliability model, trade-off ADRs, adoption plan and scored review with honest uncertainty.",sources.html#topic-067,https://docs.cloud.google.com/architecture/framework,no
180,topic-01,"Consolidate existing evidence, logistics and the continuing-learning plan","Consolidate existing evidence, logistics and the continuing-learning plan. No new material.","67,69",topic-01-overview,topic-01-technical,topic-01-problem,topic-01-lab,"A continuing-learning list, verified cleanup and realistic next steps; no new lab or timed assessment.",sources.html#topic-067,https://docs.cloud.google.com/architecture/framework,no
